source_id,name,cuisine_type,website,phone,google_maps_url,address_full,postal_code,neighborhood
1,Casa Jaime,Spanish,http://www.casajaime.cat/,+34 931 89 32 22,https://www.google.com/maps/search/?api=1&query=Casa+Jaime+C%2F+del+Consell+de+Cent%2C+222+Barcelona,"C/ del Consell de Cent, 222",08011,Eixample
2,La Flauta,Mediterranean,https://laflautagroup.com,+34 933 23 70 38,https://www.google.com/maps/search/?api=1&query=La+Flauta+C%2F+de+Calabria%2C+117+Barcelona,"C/ de Calabria, 117",08036,Eixample
3,Vivant,Mediterranean,https://vivantbcn.com/,+34 932725879,https://www.google.com/maps/search/?api=1&query=Vivant+C%2F+del+Consell+de+Cent%2C+335+Barcelona,"C/ del Consell de Cent, 335",08007,Eixample
4,Ceviche 103,Peruvian,https://www.ceviche103.com/,+34 932 09 88 35,https://www.google.com/maps/search/?api=1&query=Ceviche+103+C%2F+de+Londres%2C+103+Barcelona,"C/ de Londres, 103",08036,Eixample
5,Baldomero,Mediterranean,https://casabaldomero.com/,,https://www.google.com/maps/search/?api=1&query=Baldomero+Passatge+de+Mercader%2C+16+Barcelona,"Passatge de Mercader, 16",08008,Eixample
6,Maur,Catalan,,+34 934 54 88 69,https://www.google.com/maps/search/?api=1&query=Maur+C%2F+de+Muntaner%2C+121+Barcelona,"C/ de Muntaner, 121",08036,Eixample
7,Boro Bar,Spanish,https://borobar.es/,,https://www.google.com/maps/search/?api=1&query=Boro+Bar+C%2F+de+la+Diputaci%C3%B3%2C+286+Barcelona,"C/ de la Diputació, 286",08009,Eixample
8,Franca,Catalan,https://www.francabarcelona.com/,+34 937 21 41 09,https://www.google.com/maps/search/?api=1&query=Franca+C%2F+de+Roger+de+Ll%C3%BAria%2C+46+Barcelona,"C/ de Roger de Llúria, 46",08009,Eixample
9,Balthazar,Mediterranean,https://www.andilana.com/balthazar/,+34 932 17 82 50,https://www.google.com/maps/search/?api=1&query=Balthazar+C%2F+del+Rossell%C3%B3%2C+189+Barcelona,"C/ del Rosselló, 189",08036,Eixample
10,Claris 118,Catalan,https://www.claris118.com/,+34 934 88 28 37,https://www.google.com/maps/search/?api=1&query=Claris+118+C%2F+de+Pau+Claris%2C+118+Barcelona,"C/ de Pau Claris, 118",08009,Eixample
11,La Pubilla,Catalan,https://restaurantelapubilla.com/,+34 932 18 29 94,https://www.google.com/maps/search/?api=1&query=La+Pubilla+Pla%C3%A7a+de+la+Llibertat%2C+23+Barcelona,"Plaça de la Llibertat, 23",08012,Gràcia
12,Fonda Pepa,Catalan,https://fondapepa.cat/,+34 932 17 10 10,https://www.google.com/maps/search/?api=1&query=Fonda+Pepa+C%2F+de+Ram%C3%B3n+y+Cajal%2C+2+Barcelona,"C/ de Ramón y Cajal, 2",08012,Gràcia
13,Casa Lopez,Spanish,,+34 634 59 21 65,https://www.google.com/maps/search/?api=1&query=Casa+Lopez+C%2F+del+Topazi%2C+11+Barcelona,"C/ del Topazi, 11",08012,Gràcia
14,El Far del Nord,Mediterranean,https://elfardelnord.com/,+34 937 37 98 55,https://www.google.com/maps/search/?api=1&query=El+Far+del+Nord+C%2F+de+la+Provid%C3%A8ncia%2C+88+Barcelona,"C/ de la Providència, 88",08024,Gràcia
15,Cafè Salambó,Mediterranean,https://www.cafesalambo.com/,+34 932 18 69 66,https://www.google.com/maps/search/?api=1&query=Caf%C3%A8+Salamb%C3%B3+C%2F+de+Torrijos%2C+51+Barcelona,"C/ de Torrijos, 51",08012,Gràcia
16,Casa Pages,Spanish,,+34 934 573 545,https://www.google.com/maps/search/?api=1&query=Casa+Pages+C%2F+de+la+Llibertat%2C+19+Barcelona,"C/ de la Llibertat, 19",08012,Gràcia
17,Kibuka Ramen,Japanese,https://kibuka.com/,+34 933682036,https://www.google.com/maps/search/?api=1&query=Kibuka+Ramen+C%2F+de+Torrijos%2C+15+Barcelona,"C/ de Torrijos, 15",08012,Gràcia
18,Cal Boter,Catalan,https://restaurantcalboter.com/,+34 934588462,https://www.google.com/maps/search/?api=1&query=Cal+Boter+C%2F+Major+de+Gr%C3%A0cia%2C+56+Barcelona,"C/ Major de Gràcia, 56",08012,Gràcia
19,La Trini,Mediterranean,https://latrini30.com,+34 932 37 03 35,https://www.google.com/maps/search/?api=1&query=La+Trini+C%2F+de+Verdi%2C+30+Barcelona,"C/ de Verdi, 30",08012,Gràcia
20,La Caceta,Mediterranean,,,https://www.google.com/maps/search/?api=1&query=La+Caceta+C%2F+del+Planet%2C+3+Barcelona,"C/ del Planet, 3",08012,Gràcia
21,Ristorante Gravin,Italian,https://gravinristorante.com,,https://www.google.com/maps/search/?api=1&query=Ristorante+Gravin+C%2F+de+l%27Argenteria%2C+64+Barcelona,"C/ de l'Argenteria, 64",08003,El Born
22,El Casal Cafe Bar,Mediterranean,https://elcasalcafe.es,,https://www.google.com/maps/search/?api=1&query=El+Casal+Cafe+Bar+C%2F+de+Sant+Pere+M%C3%A9s+Alt%2C+1+Barcelona,"C/ de Sant Pere Més Alt, 1",08003,El Born
23,Quillo Bar Tapas,Spanish,https://quillo-bar.com,+34 931 38 31 30,https://www.google.com/maps/search/?api=1&query=Quillo+Bar+Tapas+C%2F+de+Banys+Vells%2C+12+Barcelona,"C/ de Banys Vells, 12",08003,El Born
24,En Aparte,French,,,https://www.google.com/maps/search/?api=1&query=En+Aparte+C%2F+del+Rec%2C+4+Barcelona,"C/ del Rec, 4",08003,El Born
25,El Racó de Montjuïc,Mediterranean,,+34 930 004 851,https://www.google.com/maps/search/?api=1&query=El+Rac%C3%B3+de+Montju%C3%AFc+Av.+de+Miramar%2C+1+Barcelona,"Av. de Miramar, 1",08038,Poble Sec
26,Bagaría Barcelona,Mediterranean,,,https://www.google.com/maps/search/?api=1&query=Bagar%C3%ADa+Barcelona+C%2F+Nou+de+la+Rambla%2C+152+Barcelona,"C/ Nou de la Rambla, 152",08004,Poble Sec
27,Antic Café Espanyol,Catalan,,+34 931 060 534,https://www.google.com/maps/search/?api=1&query=Antic+Caf%C3%A9+Espanyol+Av.+del+Paral%C2%B7lel%2C+64+Barcelona,"Av. del Paral·lel, 64",08001,Poble Sec
28,Brisas do Sil,Spanish,,+34 933 250 446,https://www.google.com/maps/search/?api=1&query=Brisas+do+Sil+C%2F+de+Jaume+Fabra%2C+16+Barcelona,"C/ de Jaume Fabra, 16",08004,Poble Sec
29,Rosa Negra,Mexican,https://rosanegra.cat/,+34 933010226,https://www.google.com/maps/search/?api=1&query=Rosa+Negra+C%2F+dels+Tallers%2C+71+Barcelona,"C/ dels Tallers, 71",08001,El Raval
30,MamaCafe,Mediterranean,,+34 933 012 940,https://www.google.com/maps/search/?api=1&query=MamaCafe+C%2F+del+Doctor+Dou%2C+10+Barcelona,"C/ del Doctor Dou, 10",08001,El Raval
31,Bar Muy Buenas,Spanish,http://muybuenas.cat/,+34 938072857,https://www.google.com/maps/search/?api=1&query=Bar+Muy+Buenas+C%2F+del+Carme%2C+63+Barcelona,"C/ del Carme, 63",08001,El Raval
32,Bar Bodega Agustín,Spanish,,,https://www.google.com/maps/search/?api=1&query=Bar+Bodega+Agust%C3%ADn+C%2F+de+Ferlandina%2C+32+Barcelona,"C/ de Ferlandina, 32",08001,El Raval
33,Casa Bella,Spanish,,+34 933 18 24 59,https://www.google.com/maps/search/?api=1&query=Casa+Bella+C%2F+de+Montserrat%2C+15+Barcelona,"C/ de Montserrat, 15",08001,El Raval
34,Norai Raval,Mediterranean,https://norai.org,+34 646 852 697,https://www.google.com/maps/search/?api=1&query=Norai+Raval+Av.+de+les+Drassanes%2C+s%2Fn+Barcelona,"Av. de les Drassanes, s/n",08001,El Raval
35,Els Ocellets,Catalan,https://elsocellets.com,,https://www.google.com/maps/search/?api=1&query=Els+Ocellets+C%2F+de+Villadomat%2C+25+Barcelona,"C/ de Villadomat, 25",08015,Sant Antoni
36,Bar Chiqui,Japanese,https://barchiqui.com,+34 933 25 08 33,https://www.google.com/maps/search/?api=1&query=Bar+Chiqui+C%2F+de+Vilamar%C3%AD%2C+29+Barcelona,"C/ de Vilamarí, 29",08015,Sant Antoni
37,Ca La Montse,Seafood,https://restaurantcalamontse.com,,https://www.google.com/maps/search/?api=1&query=Ca+La+Montse+C%2F+de+l%27Almirall+Aixada%2C+18+Barcelona,"C/ de l'Almirall Aixada, 18",08003,Barceloneta
38,El Nou Ramonet,Seafood,https://grupramonet.com,+34 932683313,https://www.google.com/maps/search/?api=1&query=El+Nou+Ramonet+C%2F+de+la+Maquinista%2C+17+Barcelona,"C/ de la Maquinista, 17",08003,Barceloneta
39,Los Pescadores,Seafood,,+34 933 19 30 58,https://www.google.com/maps/search/?api=1&query=Los+Pescadores+C%2F+de+la+Maquinista%2C+48+Barcelona,"C/ de la Maquinista, 48",08003,Barceloneta
40,Cometa Pla,Vegetarian/Vegan,,+34 646197845,https://www.google.com/maps/search/?api=1&query=Cometa+Pla+C%2F+de+Comtal%2C+2+Barcelona,"C/ de Comtal, 2",08002,Barri Gòtic
41,BOSCO Restaurant,Mediterranean,https://restaurantbosco.com/,+34 934121370,https://www.google.com/maps/search/?api=1&query=BOSCO+Restaurant+C%2F+de+Capellans%2C+9+Barcelona,"C/ de Capellans, 9",08002,Barri Gòtic
42,Granja Mabel,Spanish,,+34 934852028,https://www.google.com/maps/search/?api=1&query=Granja+Mabel+C%2F+de+Ferran%2C+11+Barcelona,"C/ de Ferran, 11",08002,Barri Gòtic
43,Grangels Mix,Catalan,,,https://www.google.com/maps/search/?api=1&query=Grangels+Mix+C%2F+de+l%27Arc+de+Sant+Ramon%2C+12+Barcelona,"C/ de l'Arc de Sant Ramon, 12",08002,Barri Gòtic
44,Amaica,Mediterranean,https://amaica.es,+34 934 183 156,https://www.google.com/maps/search/?api=1&query=Amaica+C%2F+de+Bertrand+i+Serra%2C+11+Barcelona,"C/ de Bertrand i Serra, 11",08022,Sarrià-Sant Gervasi
45,Bar Monterolas,Spanish,,,https://www.google.com/maps/search/?api=1&query=Bar+Monterolas+C%2F+de+Monterolas%2C+7+Barcelona,"C/ de Monterolas, 7",08017,Sarrià-Sant Gervasi
46,Koryo,Asian,,+34 932 123 139,https://www.google.com/maps/search/?api=1&query=Koryo+C%2F+de+Reus%2C+4+Barcelona,"C/ de Reus, 4",08022,Sarrià-Sant Gervasi
47,Vermuteria La Raspa de Moragas,Catalan,,,https://www.google.com/maps/search/?api=1&query=Vermuteria+La+Raspa+de+Moragas+C%2F+de+Moragas%2C+6+Barcelona,"C/ de Moragas, 6",08023,Sarrià-Sant Gervasi
48,L'Antull,Spanish,,,https://www.google.com/maps/search/?api=1&query=L%27Antull+C%2F+d%27Europa%2C+33+Barcelona,"C/ d'Europa, 33",08028,Les Corts
49,L'Arrosseria de Sants,Mediterranean,https://arrosseriadesants.com,+34 933322804,https://www.google.com/maps/search/?api=1&query=L%27Arrosseria+de+Sants+C%2F+Sants%2C+360+Barcelona,"C/ Sants, 360",08028,Sants
50,Més de Vi,Mediterranean,https://restaurantemesdevi.es,,https://www.google.com/maps/search/?api=1&query=M%C3%A9s+de+Vi+Rambla+del+Poblenou%2C+38+Barcelona,"Rambla del Poblenou, 38",08005,Poblenou
51,L'Artesana Poblenou,Mediterranean,,+34 930022039,https://www.google.com/maps/search/?api=1&query=L%27Artesana+Poblenou+C%2F+de+Mari%C3%A0+Aguil%C3%B3%2C+72+Barcelona,"C/ de Marià Aguiló, 72",08005,Poblenou
52,Casa Cabo,Mediterranean,https://grupocabo.es/,+34 608332208,https://www.google.com/maps/search/?api=1&query=Casa+Cabo+C%2F+de+Pere+IV%2C+91+Barcelona,"C/ de Pere IV, 91",08018,Poblenou
53,Morgentau,Vegetarian/Vegan,https://morgentau.es,+34 931 98 37 65,https://www.google.com/maps/search/?api=1&query=Morgentau+C%2F+de+la+Llacuna%2C+114+Barcelona,"C/ de la Llacuna, 114",08018,Poblenou
54,Warike,Peruvian,https://warikeproject.com/,+34 685621172,https://www.google.com/maps/search/?api=1&query=Warike+C%2F+del+Dr.+Trueta%2C+144+Barcelona,"C/ del Dr. Trueta, 144",08005,Poblenou
55,Sopa,Vegetarian/Vegan,https://sopa.vg,+34 933 09 56 76,https://www.google.com/maps/search/?api=1&query=Sopa+C%2F+de+Roc+Boronat%2C+114+Barcelona,"C/ de Roc Boronat, 114",08018,Poblenou
56,Sant Martí Restaurant,Mediterranean,https://santmarti-restaurant.es,,https://www.google.com/maps/search/?api=1&query=Sant+Mart%C3%AD+Restaurant+Av.+Meridiana%2C+200+Barcelona,"Av. Meridiana, 200",08027,Sant Martí
57,Ryu Ramen,Japanese,,,https://www.google.com/maps/search/?api=1&query=Ryu+Ramen+C%2F+de+Bac+de+Roda%2C+53+Barcelona,"C/ de Bac de Roda, 53",08019,Sant Martí
58,Restaurante Lepanto,Spanish,,,https://www.google.com/maps/search/?api=1&query=Restaurante+Lepanto+C%2F+de+Lepant%2C+300+Barcelona,"C/ de Lepant, 300",08025,Sagrada Família
59,Arc Iris,Vegetarian/Vegan,,,https://www.google.com/maps/search/?api=1&query=Arc+Iris+C%2F+de+Sardenya%2C+120+Barcelona,"C/ de Sardenya, 120",08013,Sagrada Família
60,La Yaya Amelia,Spanish,https://layayamelia.cat/,+34 660287529,https://www.google.com/maps/search/?api=1&query=La+Yaya+Amelia+C%2F+de+Sardenya%2C+364+Barcelona,"C/ de Sardenya, 364",08025,Sagrada Família
61,Lanto Restaurant,Fusion,https://lanto.restaurant/,+34 658941131,https://www.google.com/maps/search/?api=1&query=Lanto+Restaurant+C%2F+de+Lanzarote%2C+9+Barcelona,"C/ de Lanzarote, 9",08018,Clot
62,Ca la Margui,Spanish,,,https://www.google.com/maps/search/?api=1&query=Ca+la+Margui+C%2F+del+Clot%2C+105+Barcelona,"C/ del Clot, 105",08018,Clot
63,Nana Restaurant,Mediterranean,,,https://www.google.com/maps/search/?api=1&query=Nana+Restaurant+C%2F+del+Clot%2C+147+Barcelona,"C/ del Clot, 147",08018,Clot
64,El Clot Restaurant,Mediterranean,https://elclotrestaurante.com,,https://www.google.com/maps/search/?api=1&query=El+Clot+Restaurant+C%2F+de+Val%C3%A8ncia%2C+565+Barcelona,"C/ de València, 565",08026,Clot
65,La Forquilla,Fusion,,,https://www.google.com/maps/search/?api=1&query=La+Forquilla+C%2F+de+Viladrosa%2C+57+Barcelona,"C/ de Viladrosa, 57",08042,Nou Barris
66,5 Hermanos,Spanish,,,https://www.google.com/maps/search/?api=1&query=5+Hermanos+C%2F+de+Canyelles%2C+9+Barcelona,"C/ de Canyelles, 9",08042,Nou Barris
67,Pizzeria Nanà,Italian,,,https://www.google.com/maps/search/?api=1&query=Pizzeria+Nan%C3%A0+C%2F+Gran+de+Sant+Andreu%2C+95+Barcelona,"C/ Gran de Sant Andreu, 95",08030,Sant Andreu
68,La Marcelina,Mediterranean,,,https://www.google.com/maps/search/?api=1&query=La+Marcelina+C%2F+Gran+de+Sant+Andreu%2C+52+Barcelona,"C/ Gran de Sant Andreu, 52",08030,Sant Andreu
69,Izakaya Barcelona,Japanese,,,https://www.google.com/maps/search/?api=1&query=Izakaya+Barcelona+C%2F+de+Joan+Torras%2C+38+Barcelona,"C/ de Joan Torras, 38",08030,Sant Andreu
70,Can Cortada,Catalan,https://cancortada.com/,+34 934 27 23 15,https://www.google.com/maps/search/?api=1&query=Can+Cortada+Av.+de+l%27Estatut+de+Catalunya%2C+s%2Fn+Barcelona,"Av. de l'Estatut de Catalunya, s/n",08035,Horta-Guinardó
71,Restaurant Mati's,Spanish,,,https://www.google.com/maps/search/?api=1&query=Restaurant+Mati%27s+C%2F+del+Carmel%2C+15+Barcelona,"C/ del Carmel, 15",08024,Horta-Guinardó
73,Moments,Catalan,https://www.mandarinoriental.com/barcelona/passeig-de-gracia/fine-dining/restaurants/catalan-cuisine/moments,+34 931511000,https://www.google.com/maps/search/?api=1&query=Moments+C%2F+de+Proven%C3%A7a%2C+61+Barcelona,"C/ de Provença, 61",08007,Eixample
74,Angle,Mediterranean,https://anglebarcelona.com/,+34 932 16 77 77,https://www.google.com/maps/search/?api=1&query=Angle+C%2F+d%27Arag%C3%B3%2C+214+Barcelona,"C/ d'Aragó, 214",08011,Eixample
75,Aleia,Mediterranean,https://aleiarestaurant.com/,+34 603590903,https://www.google.com/maps/search/?api=1&query=Aleia+C%2F+de+Proven%C3%A7a%2C+134+Barcelona,"C/ de Provença, 134",08009,Eixample
76,Amar Barcelona,Catalan,,+34 931 612 424,https://www.google.com/maps/search/?api=1&query=Amar+Barcelona+C%2F+de+Proven%C3%A7a%2C+157+Barcelona,"C/ de Provença, 157",08010,Eixample
77,Cervecería Catalana,Spanish,https://cerveceriacatalana.com/,+34 932160368,https://www.google.com/maps/search/?api=1&query=Cervecer%C3%ADa+Catalana+C%2F+de+la+Diputaci%C3%B3%2C+42+Barcelona,"C/ de la Diputació, 42",08007,Eixample
78,Vinitus,Spanish,https://vinitus.com/,+34 933636217,https://www.google.com/maps/search/?api=1&query=Vinitus+C%2F+de+Proven%C3%A7a%2C+74+Barcelona,"C/ de Provença, 74",08011,Eixample
79,Mont Bar,Mediterranean,http://www.montbar.com/,+34 933 23 95 90,https://www.google.com/maps/search/?api=1&query=Mont+Bar+C%2F+de+la+Diputaci%C3%B3%2C+220+Barcelona,"C/ de la Diputació, 220",08011,Eixample
80,La Taverna del Clínic,Spanish,,,https://www.google.com/maps/search/?api=1&query=La+Taverna+del+Cl%C3%ADnic+C%2F+de+Balmes%2C+4+Barcelona,"C/ de Balmes, 4",08036,Eixample
81,Tapas 24,Spanish,https://tapas24.es/,+34 934880977,https://www.google.com/maps/search/?api=1&query=Tapas+24+C%2F+de+C%C3%B2rsega%2C+88+Barcelona,"C/ de Còrsega, 88",08011,Eixample
82,Bar Tossa,Spanish,,,https://www.google.com/maps/search/?api=1&query=Bar+Tossa+C%2F+d%27Enric+Granados%2C+52+Barcelona,"C/ d'Enric Granados, 52",08007,Eixample
83,Bar Gelida,Spanish,,,https://www.google.com/maps/search/?api=1&query=Bar+Gelida+C%2F+de+C%C3%B2rsega%2C+157+Barcelona,"C/ de Còrsega, 157",08008,Eixample
84,Bar Anita,Spanish,,,https://www.google.com/maps/search/?api=1&query=Bar+Anita+C%2F+del+Bruc%2C+114+Barcelona,"C/ del Bruc, 114",08007,Eixample
85,El Nou de Granados,Mediterranean,,+34 934 539 756,https://www.google.com/maps/search/?api=1&query=El+Nou+de+Granados+C%2F+de+la+Diputaci%C3%B3%2C+105+Barcelona,"C/ de la Diputació, 105",08009,Eixample
86,Senyor Vermut,Spanish,,,https://www.google.com/maps/search/?api=1&query=Senyor+Vermut+C%2F+de+Muntaner%2C+107+Barcelona,"C/ de Muntaner, 107",08008,Eixample
87,Atrapatapa,Spanish,,,https://www.google.com/maps/search/?api=1&query=Atrapatapa+C%2F+de+Calabria%2C+79+Barcelona,"C/ de Calabria, 79",08008,Eixample
88,El Nacional,Mediterranean,https://elnacionalbcn.com/,+34 935185053,https://www.google.com/maps/search/?api=1&query=El+Nacional+C%2F+d%27Arag%C3%B3%2C+135+Barcelona,"C/ d'Aragó, 135",08008,Eixample
89,Racó d'en Cesc,Catalan,,,https://www.google.com/maps/search/?api=1&query=Rac%C3%B3+d%27en+Cesc+C%2F+del+Consell+de+Cent%2C+16+Barcelona,"C/ del Consell de Cent, 16",08008,Eixample
90,Casa Amalia,Catalan,https://casaamalia.com/,+34 934 58 94 58,https://www.google.com/maps/search/?api=1&query=Casa+Amalia+Passatge+del+Mercat%2C+14+Barcelona,"Passatge del Mercat, 14",08009,Eixample
91,Vic Braseria,Catalan,,,https://www.google.com/maps/search/?api=1&query=Vic+Braseria+C%2F+de+Calabria%2C+140+Barcelona,"C/ de Calabria, 140",08007,Eixample
92,Portolés,Spanish,,,https://www.google.com/maps/search/?api=1&query=Portol%C3%A9s+C%2F+de+Villadomat%2C+150+Barcelona,"C/ de Villadomat, 150",08007,Eixample
93,Casa Masana,Catalan,,+34 934 252 970,https://www.google.com/maps/search/?api=1&query=Casa+Masana+C%2F+de+Girona%2C+56+Barcelona,"C/ de Girona, 56",08009,Eixample
94,El Cierzo,Spanish,,,https://www.google.com/maps/search/?api=1&query=El+Cierzo+C%2F+de+Villadomat%2C+76+Barcelona,"C/ de Villadomat, 76",08009,Eixample
95,El Puestu,Spanish,,,https://www.google.com/maps/search/?api=1&query=El+Puestu+C%2F+de+Roger+de+Ll%C3%BAria%2C+92+Barcelona,"C/ de Roger de Llúria, 92",08010,Eixample
96,Flamant,Catalan,https://grupandilana.com/es/restaurantes/flamant,+34 933 231 635,https://www.google.com/maps/search/?api=1&query=Flamant+C%2F+de+Rossell%C3%B3%2C+170+Barcelona,"C/ de Rosselló, 170",08010,Eixample
97,Contempo,Catalan,,,https://www.google.com/maps/search/?api=1&query=Contempo+C%2F+d%27Aribau%2C+31+Barcelona,"C/ d'Aribau, 31",08008,Eixample
98,Zafra,Mediterranean,,,https://www.google.com/maps/search/?api=1&query=Zafra+C%2F+de+Calabria%2C+104+Barcelona,"C/ de Calabria, 104",08036,Eixample
99,Xampú Xampany,Catalan,,,https://www.google.com/maps/search/?api=1&query=Xamp%C3%BA+Xampany+C%2F+de+Villadomat%2C+163+Barcelona,"C/ de Villadomat, 163",08036,Eixample
100,Salmigondi,Mediterranean,https://salmigondi.com/,+34 934886722,https://www.google.com/maps/search/?api=1&query=Salmigondi+C%2F+de+Roger+de+Ll%C3%BAria%2C+130+Barcelona,"C/ de Roger de Llúria, 130",08011,Eixample
101,Mixtel·la,Fusion,,,https://www.google.com/maps/search/?api=1&query=Mixtel%C2%B7la+C%2F+de+C%C3%B2rsega%2C+113+Barcelona,"C/ de Còrsega, 113",08011,Eixample
102,Danzarama,Mediterranean,,,https://www.google.com/maps/search/?api=1&query=Danzarama+C%2F+de+Muntaner%2C+137+Barcelona,"C/ de Muntaner, 137",08009,Eixample
103,An Embat,Mediterranean,https://embat.cat/,+34 934580855,https://www.google.com/maps/search/?api=1&query=An+Embat+C%2F+de+la+Diputaci%C3%B3%2C+354+Barcelona,"C/ de la Diputació, 354",08009,Eixample
104,Lateral Consell de Cent,Mediterranean,,,https://www.google.com/maps/search/?api=1&query=Lateral+Consell+de+Cent+C%2F+de+Girona%2C+169+Barcelona,"C/ de Girona, 169",08007,Eixample
105,Malpaso,Fusion,,,https://www.google.com/maps/search/?api=1&query=Malpaso+C%2F+de+Girona%2C+177+Barcelona,"C/ de Girona, 177",08008,Eixample
106,Boraz,Fusion,,,https://www.google.com/maps/search/?api=1&query=Boraz+C%2F+de+Proven%C3%A7a%2C+137+Barcelona,"C/ de Provença, 137",08008,Eixample
107,Au Port de la Lune,French,,,https://www.google.com/maps/search/?api=1&query=Au+Port+de+la+Lune+C%2F+de+Balmes%2C+122+Barcelona,"C/ de Balmes, 122",08011,Eixample
108,Bistrot BCN,French,https://bistrotbcn.es/,+34 934 24 63 48,https://www.google.com/maps/search/?api=1&query=Bistrot+BCN+C%2F+de+Casanova%2C+15+Barcelona,"C/ de Casanova, 15",08011,Eixample
109,Ramen-Ya Hiro,Japanese,https://ramenyahiro.com/,+34 930 028 441,https://www.google.com/maps/search/?api=1&query=Ramen-Ya+Hiro+C%2F+de+Proven%C3%A7a%2C+117+Barcelona,"C/ de Provença, 117",08008,Eixample
110,Hot Pot de Sichuan,Asian,,,https://www.google.com/maps/search/?api=1&query=Hot+Pot+de+Sichuan+C%2F+de+la+Diputaci%C3%B3%2C+104+Barcelona,"C/ de la Diputació, 104",08011,Eixample
111,Little Corea,Asian,,,https://www.google.com/maps/search/?api=1&query=Little+Corea+C%2F+d%27Arag%C3%B3%2C+42+Barcelona,"C/ d'Aragó, 42",08008,Eixample
112,Chen Ji,Asian,,,https://www.google.com/maps/search/?api=1&query=Chen+Ji+C%2F+de+Calabria%2C+184+Barcelona,"C/ de Calabria, 184",08010,Eixample
113,Dionisos Urgell,Greek,,,https://www.google.com/maps/search/?api=1&query=Dionisos+Urgell+C%2F+del+Comte+d%27Urgell%2C+153+Barcelona,"C/ del Comte d'Urgell, 153",08009,Eixample
114,Albé Barcelona,Lebanese,,,https://www.google.com/maps/search/?api=1&query=Alb%C3%A9+Barcelona+C%2F+de+Proven%C3%A7a%2C+129+Barcelona,"C/ de Provença, 129",08011,Eixample
115,La Taquería,Mexican,,,https://www.google.com/maps/search/?api=1&query=La+Taquer%C3%ADa+C%2F+de+Girona%2C+179+Barcelona,"C/ de Girona, 179",08009,Eixample
116,Merquén Café-Bar,Other,,,https://www.google.com/maps/search/?api=1&query=Merqu%C3%A9n+Caf%C3%A9-Bar+C%2F+del+Comte+d%27Urgell%2C+175+Barcelona,"C/ del Comte d'Urgell, 175",08010,Eixample
117,Amaltea,Vegetarian/Vegan,https://amaltea-restaurant.com/,,https://www.google.com/maps/search/?api=1&query=Amaltea+C%2F+de+la+Diputaci%C3%B3%2C+164+Barcelona,"C/ de la Diputació, 164",08011,Eixample
118,La Tartería Raw Food,Vegetarian/Vegan,,,https://www.google.com/maps/search/?api=1&query=La+Tarter%C3%ADa+Raw+Food+C%2F+de+Calabria%2C+128+Barcelona,"C/ de Calabria, 128",08011,Eixample
119,Green&Burger,Vegetarian/Vegan,,,https://www.google.com/maps/search/?api=1&query=Green%26Burger+C%2F+del+Consell+de+Cent%2C+250+Barcelona,"C/ del Consell de Cent, 250",08011,Eixample
120,Veggie Garden,Vegetarian/Vegan,,,https://www.google.com/maps/search/?api=1&query=Veggie+Garden+C%2F+d%27Aribau%2C+77+Barcelona,"C/ d'Aribau, 77",08036,Eixample
121,Vegan Mount,Vegetarian/Vegan,,,https://www.google.com/maps/search/?api=1&query=Vegan+Mount+C%2F+de+C%C3%B3rsega%2C+232+Barcelona,"C/ de Córsega, 232",08036,Eixample
122,Brera,Italian,,,https://www.google.com/maps/search/?api=1&query=Brera+C%2F+de+Balmes%2C+130+Barcelona,"C/ de Balmes, 130",08008,Eixample
123,Nostrum,Spanish,,,https://www.google.com/maps/search/?api=1&query=Nostrum+C%2F+de+Pau+Claris%2C+36+Barcelona,"C/ de Pau Claris, 36",08011,Eixample
124,Bacoa Universitat,Gastropub,,,https://www.google.com/maps/search/?api=1&query=Bacoa+Universitat+C%2F+d%27Aribau%2C+159+Barcelona,"C/ d'Aribau, 159",08011,Eixample
125,Brunch and Cake,Café,,,https://www.google.com/maps/search/?api=1&query=Brunch+and+Cake+C%2F+de+Calabria%2C+125+Barcelona,"C/ de Calabria, 125",08011,Eixample
126,Billy Brunch & Garden,Café,,,https://www.google.com/maps/search/?api=1&query=Billy+Brunch+%26+Garden+C%2F+de+Balmes%2C+133+Barcelona,"C/ de Balmes, 133",08008,Eixample
127,EatMyTrip,Café,,,https://www.google.com/maps/search/?api=1&query=EatMyTrip+C%2F+de+Girona%2C+135+Barcelona,"C/ de Girona, 135",08036,Eixample
128,Oma Bistro,Mediterranean,,,https://www.google.com/maps/search/?api=1&query=Oma+Bistro+C%2F+de+Villadomat%2C+184+Barcelona,"C/ de Villadomat, 184",08009,Eixample
129,Zenith,Café,,,https://www.google.com/maps/search/?api=1&query=Zenith+C%2F+d%27Arag%C3%B3%2C+183+Barcelona,"C/ d'Aragó, 183",08008,Eixample
130,Faborit,Café,,,https://www.google.com/maps/search/?api=1&query=Faborit+C%2F+d%27Aribau%2C+167+Barcelona,"C/ d'Aribau, 167",08011,Eixample
131,Miss Simona,Mediterranean,,,https://www.google.com/maps/search/?api=1&query=Miss+Simona+C%2F+d%27Aribau%2C+15+Barcelona,"C/ d'Aribau, 15",08009,Eixample
132,Belliny by the Benedict,Café,,,https://www.google.com/maps/search/?api=1&query=Belliny+by+the+Benedict+C%2F+de+Balmes%2C+56+Barcelona,"C/ de Balmes, 56",08009,Eixample
133,The Coffee House Barcelona,Café,,,https://www.google.com/maps/search/?api=1&query=The+Coffee+House+Barcelona+C%2F+del+Comte+d%27Urgell%2C+88+Barcelona,"C/ del Comte d'Urgell, 88",08036,Eixample
134,DeLaCrem,Italian,,,https://www.google.com/maps/search/?api=1&query=DeLaCrem+C%2F+de+Proven%C3%A7a%2C+175+Barcelona,"C/ de Provença, 175",08008,Eixample
135,Bar Paris,Spanish,,,https://www.google.com/maps/search/?api=1&query=Bar+Paris+C%2F+de+Balmes%2C+102+Barcelona,"C/ de Balmes, 102",08009,Eixample
136,EdeNova,Mediterranean,,,https://www.google.com/maps/search/?api=1&query=EdeNova+C%2F+de+Roger+de+Ll%C3%BAria%2C+133+Barcelona,"C/ de Roger de Llúria, 133",08009,Eixample
137,Osmosis,Mediterranean,https://restauranteosmosis.com/,+34 934 545 201,https://www.google.com/maps/search/?api=1&query=Osmosis+C%2F+d%27Aribau%2C+166+Barcelona,"C/ d'Aribau, 166",08009,Eixample
138,Can Boneta,Catalan,,,https://www.google.com/maps/search/?api=1&query=Can+Boneta+C%2F+d%27Aribau%2C+78+Barcelona,"C/ d'Aribau, 78",08009,Eixample
139,Cremat Lounge,Vegetarian/Vegan,,,https://www.google.com/maps/search/?api=1&query=Cremat+Lounge+C%2F+de+Mallorca%2C+82+Barcelona,"C/ de Mallorca, 82",08010,Eixample
140,Futami,Japanese,,,https://www.google.com/maps/search/?api=1&query=Futami+C%2F+de+Casanova%2C+90+Barcelona,"C/ de Casanova, 90",08036,Eixample
141,Tino,Fusion,,,https://www.google.com/maps/search/?api=1&query=Tino+C%2F+d%27Arag%C3%B3%2C+37+Barcelona,"C/ d'Aragó, 37",08010,Eixample
142,Con Gracia,Mediterranean,https://congracia.es/,+34 932380201,https://www.google.com/maps/search/?api=1&query=Con+Gracia+C%2F+de+Mozart%2C+16+Barcelona,"C/ de Mozart, 16",08012,Gràcia
143,Roig Robí,Catalan,,,https://www.google.com/maps/search/?api=1&query=Roig+Rob%C3%AD+C%2F+de+Bruniquer%2C+48+Barcelona,"C/ de Bruniquer, 48",08012,Gràcia
144,L'Arrosseria Xàtiva,Mediterranean,https://grupxativa.com/,,https://www.google.com/maps/search/?api=1&query=L%27Arrosseria+X%C3%A0tiva+C%2F+de+l%27Or%2C+86+Barcelona,"C/ de l'Or, 86",08012,Gràcia
145,La Singular,Catalan,,,https://www.google.com/maps/search/?api=1&query=La+Singular+C%2F+del+Torrent+de+l%27Olla%2C+55+Barcelona,"C/ del Torrent de l'Olla, 55",08012,Gràcia
146,Verdi Dinou,Catalan,,,https://www.google.com/maps/search/?api=1&query=Verdi+Dinou+C%2F+de+Torrijos%2C+7+Barcelona,"C/ de Torrijos, 7",08024,Gràcia
147,Beryti Bistro,Lebanese,,,https://www.google.com/maps/search/?api=1&query=Beryti+Bistro+C%2F+de+Torrijos%2C+21+Barcelona,"C/ de Torrijos, 21",08012,Gràcia
148,Askadinya,Middle Eastern,https://askadinyabarcelona.com/,,https://www.google.com/maps/search/?api=1&query=Askadinya+C%2F+de+Torrijos%2C+22+Barcelona,"C/ de Torrijos, 22",08012,Gràcia
149,Omu,Japanese,,,https://www.google.com/maps/search/?api=1&query=Omu+Pl.+de+la+Vila+de+Gr%C3%A0cia%2C+188+Barcelona,"Pl. de la Vila de Gràcia, 188",08024,Gràcia
150,Lluritu,Seafood,,,https://www.google.com/maps/search/?api=1&query=Lluritu+C%2F+Gran+de+Gr%C3%A0cia%2C+119+Barcelona,"C/ Gran de Gràcia, 119",08024,Gràcia
151,Santa Gula,Mediterranean,,,https://www.google.com/maps/search/?api=1&query=Santa+Gula+C%2F+de+Bruniquer%2C+48+Barcelona,"C/ de Bruniquer, 48",08012,Gràcia
152,Cibulet,Fusion,https://cibulet.com/,+34 653 792 304,https://www.google.com/maps/search/?api=1&query=Cibulet+C%2F+de+Rabassa%2C+127+Barcelona,"C/ de Rabassa, 127",08012,Gràcia
153,Antigua,Catalan,,,https://www.google.com/maps/search/?api=1&query=Antigua+C%2F+de+Torrijos%2C+171+Barcelona,"C/ de Torrijos, 171",08024,Gràcia
154,Galú,Italian,,,https://www.google.com/maps/search/?api=1&query=Gal%C3%BA+Pl.+de+la+Vila+de+Gr%C3%A0cia%2C+117+Barcelona,"Pl. de la Vila de Gràcia, 117",08024,Gràcia
155,Indian Herbs,Indian,,,https://www.google.com/maps/search/?api=1&query=Indian+Herbs+C%2F+de+la+Perla%2C+171+Barcelona,"C/ de la Perla, 171",08012,Gràcia
156,La Panxa del Bisbe,Mediterranean,,,https://www.google.com/maps/search/?api=1&query=La+Panxa+del+Bisbe+C%2F+de+Rabassa%2C+46+Barcelona,"C/ de Rabassa, 46",08024,Gràcia
157,Berbena,Fusion,,,https://www.google.com/maps/search/?api=1&query=Berbena+C%2F+de+la+Perla%2C+118+Barcelona,"C/ de la Perla, 118",08024,Gràcia
158,El Diset,Spanish,,,https://www.google.com/maps/search/?api=1&query=El+Diset+C%2F+de+Bonavista%2C+9+Barcelona,"C/ de Bonavista, 9",08012,Gràcia
159,Can Tosca,Catalan,,,https://www.google.com/maps/search/?api=1&query=Can+Tosca+Pl.+del+Sol%2C+143+Barcelona,"Pl. del Sol, 143",08012,Gràcia
160,Gut,Fusion,,,https://www.google.com/maps/search/?api=1&query=Gut+C%2F+Gran+de+Gr%C3%A0cia%2C+8+Barcelona,"C/ Gran de Gràcia, 8",08012,Gràcia
161,Cantina Machito,Mexican,,,https://www.google.com/maps/search/?api=1&query=Cantina+Machito+C%2F+de+Bruniquer%2C+130+Barcelona,"C/ de Bruniquer, 130",08012,Gràcia
162,Contracorrent Bistro,Italian,https://contracorrentbar.com/,+34 623922644,https://www.google.com/maps/search/?api=1&query=Contracorrent+Bistro+C%2F+de+Verdi%2C+136+Barcelona,"C/ de Verdi, 136",08024,Gràcia
163,Gasterea,Spanish,,,https://www.google.com/maps/search/?api=1&query=Gasterea+C%2F+del+Torrent+de+l%27Olla%2C+74+Barcelona,"C/ del Torrent de l'Olla, 74",08024,Gràcia
164,La Xula Tapería,Spanish,,,https://www.google.com/maps/search/?api=1&query=La+Xula+Taper%C3%ADa+C%2F+de+Verdi%2C+53+Barcelona,"C/ de Verdi, 53",08024,Gràcia
165,Extra Bar,Spanish,,,https://www.google.com/maps/search/?api=1&query=Extra+Bar+C%2F+de+Verdi%2C+193+Barcelona,"C/ de Verdi, 193",08024,Gràcia
166,Bodega Neus,Spanish,,,https://www.google.com/maps/search/?api=1&query=Bodega+Neus+C%2F+del+Torrent+de+l%27Olla%2C+24+Barcelona,"C/ del Torrent de l'Olla, 24",08024,Gràcia
167,Sol Soler,Spanish,,,https://www.google.com/maps/search/?api=1&query=Sol+Soler+C%2F+de+la+Perla%2C+51+Barcelona,"C/ de la Perla, 51",08012,Gràcia
168,Bar Bodega Quimet,Spanish,,,https://www.google.com/maps/search/?api=1&query=Bar+Bodega+Quimet+C%2F+de+Bonavista%2C+78+Barcelona,"C/ de Bonavista, 78",08024,Gràcia
169,Ca'l Pep,Spanish,,,https://www.google.com/maps/search/?api=1&query=Ca%27l+Pep+C%2F+de+l%27Or%2C+165+Barcelona,"C/ de l'Or, 165",08024,Gràcia
170,Bar Pietro,Spanish,,,https://www.google.com/maps/search/?api=1&query=Bar+Pietro+C%2F+de+Verdi%2C+181+Barcelona,"C/ de Verdi, 181",08012,Gràcia
171,Café Pagès,Catalan,,,https://www.google.com/maps/search/?api=1&query=Caf%C3%A9+Pag%C3%A8s+C%2F+de+l%27Or%2C+131+Barcelona,"C/ de l'Or, 131",08012,Gràcia
172,Bar Canigó,Spanish,,,https://www.google.com/maps/search/?api=1&query=Bar+Canig%C3%B3+C%2F+de+la+Llibertat%2C+75+Barcelona,"C/ de la Llibertat, 75",08024,Gràcia
173,Caelis,Mediterranean,,,https://www.google.com/maps/search/?api=1&query=Caelis+C%2F+dels+Escudellers%2C+182+Barcelona,"C/ dels Escudellers, 182",08002,Barri Gòtic
174,Els Quatre Gats,Catalan,https://4gats.com/,+34 933024140,https://www.google.com/maps/search/?api=1&query=Els+Quatre+Gats+C%2F+de+la+Pietat%2C+144+Barcelona,"C/ de la Pietat, 144",08002,Barri Gòtic
175,Can Culleretes,Catalan,https://culleretes.com/,+34 933173022,https://www.google.com/maps/search/?api=1&query=Can+Culleretes+C%2F+d%27en+Quintana%2C+5+Barcelona,"C/ d'en Quintana, 5",08002,Barri Gòtic
176,La Fonda,Mediterranean,https://grupandilana.com/es/restaurantes/la-fonda,+34 933017515,https://www.google.com/maps/search/?api=1&query=La+Fonda+C%2F+dels+Escudellers%2C+10+Barcelona,"C/ dels Escudellers, 10",08002,Barri Gòtic
177,Cafè de l'Acadèmia,Catalan,https://gruposantelmo.com/,+34 933198253,https://www.google.com/maps/search/?api=1&query=Caf%C3%A8+de+l%27Acad%C3%A8mia+C%2F+dels+Lled%C3%B3%2C+1+Barcelona,"C/ dels Lledó, 1",08002,Barri Gòtic
178,Colom Restaurant,Mediterranean,,,https://www.google.com/maps/search/?api=1&query=Colom+Restaurant+C%2F+de+la+Boqueria%2C+30+Barcelona,"C/ de la Boqueria, 30",08002,Barri Gòtic
179,Contraban,Mediterranean,https://www.wittmorehotel.com/en/#gastronomia,+34 935 500 885,https://www.google.com/maps/search/?api=1&query=Contraban+C%2F+dels+Escudellers%2C+169+Barcelona,"C/ dels Escudellers, 169",08002,Barri Gòtic
180,Bistro Levante,Middle Eastern,,,https://www.google.com/maps/search/?api=1&query=Bistro+Levante+C%2F+de+la+Boqueria%2C+3+Barcelona,"C/ de la Boqueria, 3",08002,Barri Gòtic
181,Arcano,Mediterranean,https://restaurantarcano.com/,+34 933520631,https://www.google.com/maps/search/?api=1&query=Arcano+C%2F+de+Ferran%2C+182+Barcelona,"C/ de Ferran, 182",08002,Barri Gòtic
182,La Alcoba Barcino,Mediterranean,,,https://www.google.com/maps/search/?api=1&query=La+Alcoba+Barcino+C%2F+de+Petritxol%2C+30+Barcelona,"C/ de Petritxol, 30",08002,Barri Gòtic
183,Honest Greens,Vegetarian/Vegan,,,https://www.google.com/maps/search/?api=1&query=Honest+Greens+C%2F+de+Petritxol%2C+42+Barcelona,"C/ de Petritxol, 42",08002,Barri Gòtic
184,Cañete,Spanish,https://barcanete.com/,+34 932703458,https://www.google.com/maps/search/?api=1&query=Ca%C3%B1ete+C%2F+de+Ferran%2C+110+Barcelona,"C/ de Ferran, 110",08002,Barri Gòtic
185,Mercer,Mediterranean,https://mercerbarcelona.com/,+34 933107480,https://www.google.com/maps/search/?api=1&query=Mercer+C%2F+dels+Banys+Nous%2C+29+Barcelona,"C/ dels Banys Nous, 29",08002,Barri Gòtic
186,Mizuki,Japanese,,,https://www.google.com/maps/search/?api=1&query=Mizuki+C%2F+Ample%2C+177+Barcelona,"C/ Ample, 177",08002,Barri Gòtic
187,IRATI Taverna Basca,Spanish,https://iratitaverna.com/,+34 933022084,https://www.google.com/maps/search/?api=1&query=IRATI+Taverna+Basca+C%2F+dels+Banys+Nous%2C+184+Barcelona,"C/ dels Banys Nous, 184",08002,Barri Gòtic
188,Antic Bocoi del Gotic,Catalan,,,https://www.google.com/maps/search/?api=1&query=Antic+Bocoi+del+Gotic+C%2F+de+la+Pietat%2C+195+Barcelona,"C/ de la Pietat, 195",08002,Barri Gòtic
189,Gourmet Sensi,Mediterranean,,,https://www.google.com/maps/search/?api=1&query=Gourmet+Sensi+C%2F+de+la+Pietat%2C+173+Barcelona,"C/ de la Pietat, 173",08002,Barri Gòtic
190,La Alcoba Azul,Spanish,,,https://www.google.com/maps/search/?api=1&query=La+Alcoba+Azul+C%2F+de+Ferran%2C+26+Barcelona,"C/ de Ferran, 26",08002,Barri Gòtic
191,Bar La Plata,Spanish,https://barlaplata.com/,+34 611647688,https://www.google.com/maps/search/?api=1&query=Bar+La+Plata+C%2F+de+la+Boqueria%2C+69+Barcelona,"C/ de la Boqueria, 69",08002,Barri Gòtic
192,Bodega Biarritz 1881,Spanish,,,https://www.google.com/maps/search/?api=1&query=Bodega+Biarritz+1881+C%2F+dels+Banys+Nous%2C+157+Barcelona,"C/ dels Banys Nous, 157",08002,Barri Gòtic
193,Bodega La Palma,Spanish,,,https://www.google.com/maps/search/?api=1&query=Bodega+La+Palma+C%2F+de+la+Boqueria%2C+81+Barcelona,"C/ de la Boqueria, 81",08002,Barri Gòtic
194,Pla B,Spanish,,,https://www.google.com/maps/search/?api=1&query=Pla+B+C%2F+de+la+Merc%C3%A8%2C+34+Barcelona,"C/ de la Mercè, 34",08002,Barri Gòtic
195,Antic Tapas Ferran,Spanish,,,https://www.google.com/maps/search/?api=1&query=Antic+Tapas+Ferran+Pl.+Reial%2C+91+Barcelona,"Pl. Reial, 91",08002,Barri Gòtic
196,Tapeo,Spanish,,,https://www.google.com/maps/search/?api=1&query=Tapeo+C%2F+de+Ferran%2C+51+Barcelona,"C/ de Ferran, 51",08002,Barri Gòtic
197,Milk Bar & Bistro,Café,,,https://www.google.com/maps/search/?api=1&query=Milk+Bar+%26+Bistro+C%2F+del+Call%2C+17+Barcelona,"C/ del Call, 17",08002,Barri Gòtic
198,Federal Cafe Gotic,Café,https://federalcafe.es/,+34 932808171,https://www.google.com/maps/search/?api=1&query=Federal+Cafe+Gotic+C%2F+de+la+Merc%C3%A8%2C+154+Barcelona,"C/ de la Mercè, 154",08002,Barri Gòtic
199,La Paradeta,Seafood,https://laparadeta.com/,,https://www.google.com/maps/search/?api=1&query=La+Paradeta+C%2F+dels+Banys+Vells%2C+122+Barcelona,"C/ dels Banys Vells, 122",08003,El Born
200,Spacca Napoli,Italian,,,https://www.google.com/maps/search/?api=1&query=Spacca+Napoli+C%2F+dels+Flassaders%2C+36+Barcelona,"C/ dels Flassaders, 36",08003,El Born
201,Montiel,Mediterranean,https://restaurantmontiel.com/,+34 932683729,https://www.google.com/maps/search/?api=1&query=Montiel+Passeig+del+Born%2C+42+Barcelona,"Passeig del Born, 42",08003,El Born
202,Pla de la Garsa,Catalan,,,https://www.google.com/maps/search/?api=1&query=Pla+de+la+Garsa+C%2F+dels+Banys+Vells%2C+66+Barcelona,"C/ dels Banys Vells, 66",08003,El Born
203,Sagàs,Catalan,,,https://www.google.com/maps/search/?api=1&query=Sag%C3%A0s+C%2F+dels+Banys+Vells%2C+129+Barcelona,"C/ dels Banys Vells, 129",08003,El Born
204,Guzzo,Mediterranean,,,https://www.google.com/maps/search/?api=1&query=Guzzo+C%2F+de+Sant+Pere+M%C3%A9s+Alt%2C+191+Barcelona,"C/ de Sant Pere Més Alt, 191",08003,El Born
205,Calabrasa,Mediterranean,https://www.calabrasa.com/,+34 933 100 786,https://www.google.com/maps/search/?api=1&query=Calabrasa+C%2F+de+la+Princesa%2C+133+Barcelona,"Pg. del Born, 27, 08003 Barcelona",08003,El Born
206,Golfo de Bizkaia Born,Spanish,,,https://www.google.com/maps/search/?api=1&query=Golfo+de+Bizkaia+Born+C%2F+de+l%27Argenteria%2C+172+Barcelona,"C/ de l'Argenteria, 172",08003,El Born
207,El Xampanyet,Spanish,https://elxampanyet.es/,+34 933197003,https://www.google.com/maps/search/?api=1&query=El+Xampanyet+C%2F+de+l%27Argenteria%2C+200+Barcelona,"C/ de l'Argenteria, 200",08003,El Born
208,Casa Lolea,Spanish,,,https://www.google.com/maps/search/?api=1&query=Casa+Lolea+C%2F+de+Sant+Pere+M%C3%A9s+Alt%2C+186+Barcelona,"C/ de Sant Pere Més Alt, 186",08003,El Born
209,Bar del Pla,Spanish,,,https://www.google.com/maps/search/?api=1&query=Bar+del+Pla+C%2F+dels+Banys+Vells%2C+194+Barcelona,"C/ dels Banys Vells, 194",08003,El Born
210,Bastaix,Mediterranean,,,https://www.google.com/maps/search/?api=1&query=Bastaix+C%2F+dels+Banys+Vells%2C+155+Barcelona,"C/ dels Banys Vells, 155",08003,El Born
211,Txirimiri,Spanish,,,https://www.google.com/maps/search/?api=1&query=Txirimiri+Passeig+del+Born%2C+21+Barcelona,"Passeig del Born, 21",08003,El Born
212,Elsa y Fred,Spanish,,,https://www.google.com/maps/search/?api=1&query=Elsa+y+Fred+C%2F+de+Montcada%2C+154+Barcelona,"C/ de Montcada, 154",08003,El Born
213,Cremat 11,Café,,,https://www.google.com/maps/search/?api=1&query=Cremat+11+C%2F+de+Montcada%2C+175+Barcelona,"C/ de Montcada, 175",08003,El Born
214,Alsur Cafe,Café,,,https://www.google.com/maps/search/?api=1&query=Alsur+Cafe+C%2F+del+Rec%2C+157+Barcelona,"C/ del Rec, 157",08003,El Born
215,Ca l'Estevet,Catalan,,,https://www.google.com/maps/search/?api=1&query=Ca+l%27Estevet+Rambla+del+Raval%2C+48+Barcelona,"Rambla del Raval, 48",08001,El Raval
216,Suculent,Catalan,,,https://www.google.com/maps/search/?api=1&query=Suculent+C%2F+de+Robador%2C+62+Barcelona,"C/ de Robador, 62",08001,El Raval
217,Ca l'Isidre,Catalan,https://calisidre.com/,+34 934411139,https://www.google.com/maps/search/?api=1&query=Ca+l%27Isidre+C%2F+de+la+Cera%2C+164+Barcelona,"C/ de la Cera, 164",08001,El Raval
218,Fonda España,Catalan,http://www.hotelespanya.com/,+34 935500000,https://www.google.com/maps/search/?api=1&query=Fonda+Espa%C3%B1a+Rambla+del+Raval%2C+13+Barcelona,"Rambla del Raval, 13",08001,El Raval
219,Arume,Spanish,,,https://www.google.com/maps/search/?api=1&query=Arume+C%2F+del+Doctor+Dou%2C+181+Barcelona,"C/ del Doctor Dou, 181",08001,El Raval
220,Louro,Spanish,,,https://www.google.com/maps/search/?api=1&query=Louro+C%2F+de+l%27Hospital%2C+92+Barcelona,"C/ de l'Hospital, 92",08001,El Raval
221,Cera 23,Spanish,,,https://www.google.com/maps/search/?api=1&query=Cera+23+C%2F+del+Carme%2C+66+Barcelona,"C/ del Carme, 66",08001,El Raval
222,Dos Palillos,Asian,https://dospalillos.com/,+34 933040513,https://www.google.com/maps/search/?api=1&query=Dos+Palillos+C%2F+de+la+Cera%2C+41+Barcelona,"C/ de la Cera, 41",08001,El Raval
223,A Tu Bola,Middle Eastern,,,https://www.google.com/maps/search/?api=1&query=A+Tu+Bola+C%2F+de+Robador%2C+67+Barcelona,"C/ de Robador, 67",08001,El Raval
224,Loto,Asian,,,https://www.google.com/maps/search/?api=1&query=Loto+C%2F+del+Doctor+Dou%2C+88+Barcelona,"C/ del Doctor Dou, 88",08001,El Raval
225,Dos Pebrots,Mediterranean,https://dospebrots.com/,+34 938534598,https://www.google.com/maps/search/?api=1&query=Dos+Pebrots+C%2F+del+Doctor+Dou%2C+99+Barcelona,"C/ del Doctor Dou, 99",08001,El Raval
226,Resolis,Spanish,,,https://www.google.com/maps/search/?api=1&query=Resolis+C%2F+d%27Elisabets%2C+116+Barcelona,"C/ d'Elisabets, 116",08001,El Raval
227,Tropico,Café,,,https://www.google.com/maps/search/?api=1&query=Tropico+C%2F+de+Ferlandina%2C+68+Barcelona,"C/ de Ferlandina, 68",08001,El Raval
228,Fat Cat,Café,,,https://www.google.com/maps/search/?api=1&query=Fat+Cat+C%2F+d%27Elisabets%2C+165+Barcelona,"C/ d'Elisabets, 165",08001,El Raval
229,Caravelle,Fusion,https://caravellebcn.com/,+34 933179892,https://www.google.com/maps/search/?api=1&query=Caravelle+C%2F+del+Doctor+Dou%2C+157+Barcelona,"C/ del Doctor Dou, 157",08001,El Raval
230,Mama Café,Mediterranean,,,https://www.google.com/maps/search/?api=1&query=Mama+Caf%C3%A9+Pla%C3%A7a+de+la+Boqueria%2C+6+Barcelona,"Plaça de la Boqueria, 6",08001,El Raval
231,El Magraner Boig,Greek,,,https://www.google.com/maps/search/?api=1&query=El+Magraner+Boig+C%2F+de+la+Cera%2C+198+Barcelona,"C/ de la Cera, 198",08001,El Raval
232,La Rosa del Raval,Mexican,,,https://www.google.com/maps/search/?api=1&query=La+Rosa+del+Raval+C%2F+de+l%27Hospital%2C+140+Barcelona,"C/ de l'Hospital, 140",08001,El Raval
233,Quimet y Quimet,Spanish,https://quimetiquimet.com/,+34 934 423 142,https://www.google.com/maps/search/?api=1&query=Quimet+y+Quimet+Av.+del+Paral%C2%B7lel%2C+149+Barcelona,"Av. del Paral·lel, 149",08004,Poble Sec
234,La Bodega d'en Rafel,Catalan,,,https://www.google.com/maps/search/?api=1&query=La+Bodega+d%27en+Rafel+C%2F+de+Magalh%C3%A3es%2C+125+Barcelona,"C/ de Magalhães, 125",08004,Poble Sec
235,Bodega Montferry,Spanish,,,https://www.google.com/maps/search/?api=1&query=Bodega+Montferry+C%2F+de+Tapioles%2C+16+Barcelona,"C/ de Tapioles, 16",08004,Poble Sec
236,Tickets,Spanish,https://ticketsbar.es/,+34 932924254,https://www.google.com/maps/search/?api=1&query=Tickets+C%2F+del+Poeta+Cabanyes%2C+114+Barcelona,"C/ del Poeta Cabanyes, 114",08004,Poble Sec
237,Mano Rota,Mediterranean,https://manorota.com/,+34 931864717,https://www.google.com/maps/search/?api=1&query=Mano+Rota+C%2F+de+Blai%2C+77+Barcelona,"C/ de Blai, 77",08004,Poble Sec
238,Lascar 74,Peruvian,,,https://www.google.com/maps/search/?api=1&query=Lascar+74+C%2F+de+Magalh%C3%A3es%2C+78+Barcelona,"C/ de Magalhães, 78",08004,Poble Sec
239,Morro Fi,Spanish,,,https://www.google.com/maps/search/?api=1&query=Morro+Fi+C%2F+del+Parlament%2C+71+Barcelona,"C/ del Parlament, 71",08015,Sant Antoni
240,Bodega Sepúlveda,Spanish,,,https://www.google.com/maps/search/?api=1&query=Bodega+Sep%C3%BAlveda+C%2F+del+Comte+Borrell%2C+107+Barcelona,"C/ del Comte Borrell, 107",08015,Sant Antoni
241,Flax & Kale,Vegetarian/Vegan,https://flaxandkale.com/,+34 933175664,https://www.google.com/maps/search/?api=1&query=Flax+%26+Kale+C%2F+de+Manso%2C+23+Barcelona,"C/ de Manso, 23",08015,Sant Antoni
242,Can Solé,Seafood,https://restaurantcansole.com/,+34 932215012,https://www.google.com/maps/search/?api=1&query=Can+Sol%C3%A9+C%2F+de+Baluard%2C+175+Barcelona,"C/ de Baluard, 175",08003,Barceloneta
243,Carballeira,Seafood,https://carballeira.com/,+34 933103006,https://www.google.com/maps/search/?api=1&query=Carballeira+Pl.+del+Mar%2C+36+Barcelona,"Pl. del Mar, 36",08003,Barceloneta
244,Restaurant Barceloneta,Seafood,https://restaurantbarceloneta.com/,+34 932212111,https://www.google.com/maps/search/?api=1&query=Restaurant+Barceloneta+C%2F+de+l%27Almirall+Aixada%2C+29+Barcelona,"C/ de l'Almirall Aixada, 29",08003,Barceloneta
245,Can Ramonet,Seafood,https://grupramonet.com/canramonet/,+34 933193064,https://www.google.com/maps/search/?api=1&query=Can+Ramonet+C%2F+de+Sant+Carles%2C+24+Barcelona,"C/ de Sant Carles, 24",08003,Barceloneta
246,Can Borbó,Seafood,,,https://www.google.com/maps/search/?api=1&query=Can+Borb%C3%B3+Passeig+de+Joan+de+Borb%C3%B3%2C+115+Barcelona,"Passeig de Joan de Borbó, 115",08003,Barceloneta
247,Can Majó,Seafood,,,https://www.google.com/maps/search/?api=1&query=Can+Maj%C3%B3+Passeig+de+Joan+de+Borb%C3%B3%2C+95+Barcelona,"Passeig de Joan de Borbó, 95",08003,Barceloneta
248,Ca La Nuri,Seafood,,,https://www.google.com/maps/search/?api=1&query=Ca+La+Nuri+C%2F+de+Baluard%2C+72+Barcelona,"C/ de Baluard, 72",08003,Barceloneta
249,El Refugi del Port,Seafood,,,https://www.google.com/maps/search/?api=1&query=El+Refugi+del+Port+C%2F+de+Sant+Carles%2C+62+Barcelona,"C/ de Sant Carles, 62",08003,Barceloneta
250,La Mar Salada,Seafood,https://lamarsalada.cat/,+34 932212127,https://www.google.com/maps/search/?api=1&query=La+Mar+Salada+C%2F+de+la+Maquinista%2C+195+Barcelona,"C/ de la Maquinista, 195",08003,Barceloneta
251,El Suquet de l'Almirall,Seafood,http://www.suquetdelalmirall.com/,+34 932 216 233,https://www.google.com/maps/search/?api=1&query=El+Suquet+de+l%27Almirall+C%2F+de+Baluard%2C+136+Barcelona,"C/ de Baluard, 136",08003,Barceloneta
252,Can Maño,Seafood,,,https://www.google.com/maps/search/?api=1&query=Can+Ma%C3%B1o+Passeig+de+Joan+de+Borb%C3%B3%2C+134+Barcelona,"Passeig de Joan de Borbó, 134",08003,Barceloneta
253,Bar Electricitat,Spanish,,,https://www.google.com/maps/search/?api=1&query=Bar+Electricitat+C%2F+de+l%27Almirall+Aixada%2C+59+Barcelona,"C/ de l'Almirall Aixada, 59",08003,Barceloneta
254,Bar Jai-Ca,Spanish,,,https://www.google.com/maps/search/?api=1&query=Bar+Jai-Ca+C%2F+de+l%27Almirall+Aixada%2C+3+Barcelona,"C/ de l'Almirall Aixada, 3",08003,Barceloneta
255,La Cova Fumada,Seafood,https://lacovafumada.shop/,+34 932214061,https://www.google.com/maps/search/?api=1&query=La+Cova+Fumada+C%2F+de+Baluard%2C+100+Barcelona,"C/ de Baluard, 100",08003,Barceloneta
256,La Peninsular,Spanish,,,https://www.google.com/maps/search/?api=1&query=La+Peninsular+C%2F+de+Sant+Carles%2C+78+Barcelona,"C/ de Sant Carles, 78",08003,Barceloneta
257,Els Maños,Seafood,,,https://www.google.com/maps/search/?api=1&query=Els+Ma%C3%B1os+Pl.+del+Mar%2C+110+Barcelona,"Pl. del Mar, 110",08003,Barceloneta
258,Pez Vela,Seafood,https://grupotragaluz.com/restaurante/pez-vela/,+34 932216317,https://www.google.com/maps/search/?api=1&query=Pez+Vela+Passeig+de+Joan+de+Borb%C3%B3%2C+179+Barcelona,"Passeig de Joan de Borbó, 179",08003,Barceloneta
259,Bestial,Italian,,,https://www.google.com/maps/search/?api=1&query=Bestial+C%2F+de+la+Maquinista%2C+154+Barcelona,"C/ de la Maquinista, 154",08003,Barceloneta
260,Maná 75,Mediterranean,,+34 932 212 111,https://www.google.com/maps/search/?api=1&query=Man%C3%A1+75+C%2F+de+l%27Almirall+Aixada%2C+43+Barcelona,"C/ de l'Almirall Aixada, 43",08003,Barceloneta
261,1881 by Sagardi,Spanish,,,https://www.google.com/maps/search/?api=1&query=1881+by+Sagardi+C%2F+de+l%27Almirall+Aixada%2C+131+Barcelona,"C/ de l'Almirall Aixada, 131",08003,Barceloneta
262,Els Pescadors,Seafood,https://elspescadors.com/,+34 932252018,https://www.google.com/maps/search/?api=1&query=Els+Pescadors+C%2F+de+Pujades%2C+171+Barcelona,"C/ de Pujades, 171",08005,Poblenou
263,Els Tres Porquets,Catalan,,,https://www.google.com/maps/search/?api=1&query=Els+Tres+Porquets+C%2F+del+Taulat%2C+109+Barcelona,"C/ del Taulat, 109",08005,Poblenou
264,Xorús,Spanish,http://www.xorus-braseria.com/,+34 937 689 112,https://www.google.com/maps/search/?api=1&query=Xor%C3%BAs+C%2F+de+Mari%C3%A0+Aguil%C3%B3%2C+185+Barcelona,"C/ de Marià Aguiló, 185",08005,Poblenou
265,Bar Nuri,Catalan,,,https://www.google.com/maps/search/?api=1&query=Bar+Nuri+C%2F+del+Dr.+Trueta%2C+160+Barcelona,"C/ del Dr. Trueta, 160",08005,Poblenou
266,Restaurant Gegant,Catalan,,,https://www.google.com/maps/search/?api=1&query=Restaurant+Gegant+C%2F+del+Dr.+Trueta%2C+144+Barcelona,"C/ del Dr. Trueta, 144",08005,Poblenou
267,Aguaribay,Vegetarian/Vegan,,,https://www.google.com/maps/search/?api=1&query=Aguaribay+C%2F+de+Pujades%2C+97+Barcelona,"C/ de Pujades, 97",08005,Poblenou
268,Vrutal,Vegetarian/Vegan,,,https://www.google.com/maps/search/?api=1&query=Vrutal+C%2F+de+Llacuna%2C+185+Barcelona,"C/ de Llacuna, 185",08018,Poblenou
269,Fetén,Vegetarian/Vegan,,,https://www.google.com/maps/search/?api=1&query=Fet%C3%A9n+C%2F+de+Mari%C3%A0+Aguil%C3%B3%2C+157+Barcelona,"C/ de Marià Aguiló, 157",08005,Poblenou
270,La Tavernicola,Argentine,,,https://www.google.com/maps/search/?api=1&query=La+Tavernicola+C%2F+del+Dr.+Trueta%2C+126+Barcelona,"C/ del Dr. Trueta, 126",08018,Poblenou
271,Puerto Escondido,Mexican,,,https://www.google.com/maps/search/?api=1&query=Puerto+Escondido+C%2F+de+Mari%C3%A0+Aguil%C3%B3%2C+90+Barcelona,"C/ de Marià Aguiló, 90",08005,Poblenou
272,Warike Project,Japanese,,,https://www.google.com/maps/search/?api=1&query=Warike+Project+C%2F+de+Pere+IV%2C+154+Barcelona,"C/ de Pere IV, 154",08018,Poblenou
273,Can Dende,Café,,,https://www.google.com/maps/search/?api=1&query=Can+Dende+C%2F+de+Pere+IV%2C+131+Barcelona,"C/ de Pere IV, 131",08018,Poblenou
274,Cal Cuc,Asian,,,https://www.google.com/maps/search/?api=1&query=Cal+Cuc+C%2F+de+Llacuna%2C+98+Barcelona,"C/ de Llacuna, 98",08018,Poblenou
275,El Menjador (Sala Beckett),Mediterranean,,,https://www.google.com/maps/search/?api=1&query=El+Menjador+%28Sala+Beckett%29+C%2F+del+Dr.+Trueta%2C+183+Barcelona,"C/ del Dr. Trueta, 183",08005,Poblenou
276,Balius,Spanish,,,https://www.google.com/maps/search/?api=1&query=Balius+C%2F+de+Pujades%2C+64+Barcelona,"C/ de Pujades, 64",08018,Poblenou
277,La Cervecita Nuestra de Cada Día,Gastropub,,,https://www.google.com/maps/search/?api=1&query=La+Cervecita+Nuestra+de+Cada+D%C3%ADa+C%2F+del+Dr.+Trueta%2C+26+Barcelona,"C/ del Dr. Trueta, 26",08018,Poblenou
278,Bodega Mendoza,Spanish,,,https://www.google.com/maps/search/?api=1&query=Bodega+Mendoza+C%2F+de+Llacuna%2C+70+Barcelona,"C/ de Llacuna, 70",08018,Poblenou
279,La Barca del Salamanca,Seafood,,,https://www.google.com/maps/search/?api=1&query=La+Barca+del+Salamanca+Av.+Meridiana%2C+8+Barcelona,"Av. Meridiana, 8",08019,Sant Martí
280,El Cangrejo Loco,Seafood,,,https://www.google.com/maps/search/?api=1&query=El+Cangrejo+Loco+C%2F+de+Bac+de+Roda%2C+32+Barcelona,"C/ de Bac de Roda, 32",08020,Sant Martí
281,Xiringuito Escribà,Seafood,https://restaurantsescriba.com/xiringuitoescriba,+34 932210729,https://www.google.com/maps/search/?api=1&query=Xiringuito+Escrib%C3%A0+Av.+Meridiana%2C+106+Barcelona,"Av. Meridiana, 106",08019,Sant Martí
282,ABaC,Mediterranean,https://abacbarcelona.com/,,https://www.google.com/maps/search/?api=1&query=ABaC+Pg.+de+la+Bonanova%2C+180+Barcelona,"Pg. de la Bonanova, 180",08022,Sarrià-Sant Gervasi
283,Hofmann,Catalan,,,https://www.google.com/maps/search/?api=1&query=Hofmann+C%2F+de+Ganduxer%2C+105+Barcelona,"C/ de Ganduxer, 105",08022,Sarrià-Sant Gervasi
284,Isabella's Restaurant,Italian,,,https://www.google.com/maps/search/?api=1&query=Isabella%27s+Restaurant+C%2F+de+Muntaner%2C+63+Barcelona,"C/ de Muntaner, 63",08023,Sarrià-Sant Gervasi
285,El Pescadito de Mandri,Seafood,,+34 934 180 887,https://www.google.com/maps/search/?api=1&query=El+Pescadito+de+Mandri+Av.+Tibidabo%2C+16+Barcelona,"Av. Tibidabo, 16",08023,Sarrià-Sant Gervasi
286,Barra Alta,Spanish,,,https://www.google.com/maps/search/?api=1&query=Barra+Alta+C%2F+de+Ganduxer%2C+118+Barcelona,"C/ de Ganduxer, 118",08023,Sarrià-Sant Gervasi
287,Bar El Tomás,Spanish,,,https://www.google.com/maps/search/?api=1&query=Bar+El+Tom%C3%A1s+Pg.+de+la+Bonanova%2C+43+Barcelona,"Pg. de la Bonanova, 43",08022,Sarrià-Sant Gervasi
288,Chandigarh Café,Café,,,https://www.google.com/maps/search/?api=1&query=Chandigarh+Caf%C3%A9+Av.+Tibidabo%2C+89+Barcelona,"Av. Tibidabo, 89",08017,Sarrià-Sant Gervasi
289,Bistró Mató,Mediterranean,,,https://www.google.com/maps/search/?api=1&query=Bistr%C3%B3+Mat%C3%B3+Av.+Tibidabo%2C+152+Barcelona,"Av. Tibidabo, 152",08034,Sarrià-Sant Gervasi
290,Casa Petra,Mediterranean,,,https://www.google.com/maps/search/?api=1&query=Casa+Petra+Travessera+de+les+Corts%2C+72+Barcelona,"Travessera de les Corts, 72",08029,Les Corts
291,OBBA Corea BBQ,Asian,,,https://www.google.com/maps/search/?api=1&query=OBBA+Corea+BBQ+Travessera+de+les+Corts%2C+60+Barcelona,"Travessera de les Corts, 60",08028,Les Corts
292,Yashima,Japanese,,,https://www.google.com/maps/search/?api=1&query=Yashima+Av.+Diagonal%2C+4+Barcelona,"Av. Diagonal, 4",08029,Les Corts
293,Chennai Masala Dosa,Indian,,,https://www.google.com/maps/search/?api=1&query=Chennai+Masala+Dosa+Travessera+de+les+Corts%2C+81+Barcelona,"Travessera de les Corts, 81",08028,Les Corts
294,Bangkok Cafe,Asian,,,https://www.google.com/maps/search/?api=1&query=Bangkok+Cafe+Travessera+de+les+Corts%2C+123+Barcelona,"Travessera de les Corts, 123",08028,Les Corts
295,Bar Manila,Spanish,,,https://www.google.com/maps/search/?api=1&query=Bar+Manila+C%2F+de+Num%C3%A0ncia%2C+75+Barcelona,"C/ de Numància, 75",08029,Les Corts
296,Baló,Mediterranean,,,https://www.google.com/maps/search/?api=1&query=Bal%C3%B3+C%2F+de+Num%C3%A0ncia%2C+146+Barcelona,"C/ de Numància, 146",08029,Les Corts
297,Bodega Aregall,Spanish,,,https://www.google.com/maps/search/?api=1&query=Bodega+Aregall+C%2F+d%27Aregall%2C+4+Barcelona,"C/ d'Aregall, 4",08028,Les Corts
298,Granja Elena,Mediterranean,,,https://www.google.com/maps/search/?api=1&query=Granja+Elena+C%2F+de+Joan+G%C3%BCell%2C+165+Barcelona,"C/ de Joan Güell, 165",08014,Sants
299,Suto Barcelona,Japanese,https://sutobarcelona.com/,+34 934266945,https://www.google.com/maps/search/?api=1&query=Suto+Barcelona+C%2F+de+Joan+G%C3%BCell%2C+175+Barcelona,"C/ de Joan Güell, 175",08028,Sants
300,Zaytun,Mediterranean,,,https://www.google.com/maps/search/?api=1&query=Zaytun+C%2F+de+Moian%C3%A8s%2C+66+Barcelona,"C/ de Moianès, 66",08028,Sants
301,La Tere Gastro Bar,Spanish,,,https://www.google.com/maps/search/?api=1&query=La+Tere+Gastro+Bar+Pl.+de+Sants%2C+19+Barcelona,"Pl. de Sants, 19",08014,Sants
302,La Mundana,Spanish,https://lamundana.cat/,+34 935680028,https://www.google.com/maps/search/?api=1&query=La+Mundana+C%2F+de+la+Creu+Coberta%2C+156+Barcelona,"C/ de la Creu Coberta, 156",08014,Sants
303,Bar Iberia,Catalan,,,https://www.google.com/maps/search/?api=1&query=Bar+Iberia+Pl.+de+Sants%2C+109+Barcelona,"Pl. de Sants, 109",08028,Sants
304,Homo Sibaris,Spanish,,,https://www.google.com/maps/search/?api=1&query=Homo+Sibaris+C%2F+de+Sants%2C+196+Barcelona,"C/ de Sants, 196",08014,Sants
305,Vermut i a la Gàbia,Spanish,,,https://www.google.com/maps/search/?api=1&query=Vermut+i+a+la+G%C3%A0bia+C%2F+de+Sants%2C+119+Barcelona,"C/ de Sants, 119",08014,Sants
306,La Briciola,Italian,https://labriciola.es/,+34 933310826,https://www.google.com/maps/search/?api=1&query=La+Briciola+C%2F+de+la+Creu+Coberta%2C+156+Barcelona,"C/ de la Creu Coberta, 156",08028,Sants
307,Las Tres Mentiras,Mexican,,,https://www.google.com/maps/search/?api=1&query=Las+Tres+Mentiras+C%2F+de+la+Creu+Coberta%2C+198+Barcelona,"C/ de la Creu Coberta, 198",08028,Sants
308,Addis Abeba,Ethiopian,,,https://www.google.com/maps/search/?api=1&query=Addis+Abeba+C%2F+de+la+Creu+Coberta%2C+128+Barcelona,"C/ de la Creu Coberta, 128",08028,Sants
309,Restaurant Can Ravell,Catalan,,,https://www.google.com/maps/search/?api=1&query=Restaurant+Can+Ravell+C%2F+del+Doctor+Farreras%2C+23+Barcelona,"C/ del Doctor Farreras, 23",08013,Sagrada Família
310,El Taronger de l'Avi,Catalan,,,https://www.google.com/maps/search/?api=1&query=El+Taronger+de+l%27Avi+C%2F+de+Dante+Alighieri%2C+136+Barcelona,"C/ de Dante Alighieri, 136",08032,Horta-Guinardó
311,Hawker 45,Asian,https://hawker45.com/,+34 931008616,https://www.google.com/maps/search/?api=1&query=Hawker+45+C%2F+de+C%C3%B2rsega%2C+209+Barcelona,"C/ de Còrsega, 209",08036,Eixample
312,Bella Italia Eixample,Italian,https://bellaitalia.es/,+34 934672421,https://www.google.com/maps/search/?api=1&query=Bella+Italia+Eixample+C%2F+de+Proven%C3%A7a%2C+275+Barcelona,"C/ de Provença, 275",08008,Eixample
313,Espacio Uma,Mediterranean,,,https://www.google.com/maps/search/?api=1&query=Espacio+Uma+C%2F+de+Mallorca%2C+275+Barcelona,"C/ de Mallorca, 275",08008,Eixample
314,Bembi,Indian,,,https://www.google.com/maps/search/?api=1&query=Bembi+C%2F+de+Villadomat%2C+66+Barcelona,"C/ de Villadomat, 66",08015,Eixample
315,The Sopa Boba,Mediterranean,https://thesopaboba.es/,+34 931 298 475,https://www.google.com/maps/search/?api=1&query=The+Sopa+Boba+C%2F+del+Bruc%2C+115+Barcelona,"C/ del Bruc, 115",08009,Eixample
316,El Mercader de l'Eixample,Mediterranean,https://www.elmercaderdeleixample.com/,+34 932720705,https://www.google.com/maps/search/?api=1&query=El+Mercader+de+l%27Eixample+C%2F+de+Mallorca%2C+239+Barcelona,"C/ de Mallorca, 239",08008,Eixample
317,Corgi Cafe,Café,,,https://www.google.com/maps/search/?api=1&query=Corgi+Cafe+C%2F+d%27Enric+Granados%2C+21+Barcelona,"C/ d'Enric Granados, 21",08007,Eixample
318,RAMBLA 92,Mediterranean,,,https://www.google.com/maps/search/?api=1&query=RAMBLA+92+Rambla+de+Catalunya%2C+92+Barcelona,"Rambla de Catalunya, 92",08008,Eixample
319,Barcelona Steak House,Spanish,https://thesteakhousebcn.com/,+34 933178979,https://www.google.com/maps/search/?api=1&query=Barcelona+Steak+House+C%2F+de+C%C3%B2rsega%2C+250+Barcelona,"C/ de Còrsega, 250",08036,Eixample
320,Little India,Indian,,,https://www.google.com/maps/search/?api=1&query=Little+India+C%2F+de+la+Diputaci%C3%B3%2C+180+Barcelona,"C/ de la Diputació, 180",08011,Eixample
321,Gandhi,Indian,https://gandhibcn.com/,+34 933010169,https://www.google.com/maps/search/?api=1&query=Gandhi+C%2F+de+Mallorca%2C+244+Barcelona,"C/ de Mallorca, 244",08008,Eixample
322,Jardinet d'Aribau,Mediterranean,https://jardinetaribau.com/,+34 613012610,https://www.google.com/maps/search/?api=1&query=Jardinet+d%27Aribau+C%2F+d%27Aribau%2C+75+Barcelona,"C/ d'Aribau, 75",08036,Eixample
323,Windsor,Catalan,https://restaurantwindsor.com/,+34 932377588,https://www.google.com/maps/search/?api=1&query=Windsor+C%2F+de+C%C3%B2rsega%2C+286+Barcelona,"C/ de Còrsega, 286",08008,Eixample
324,Speakeasy,Mediterranean,https://drymartiniorg.com/,+34 932175072,https://www.google.com/maps/search/?api=1&query=Speakeasy+C%2F+d%27Aribau%2C+162+Barcelona,"C/ d'Aribau, 162",08036,Eixample
325,La Tartería,Café,,,https://www.google.com/maps/search/?api=1&query=La+Tarter%C3%ADa+C%2F+de+Muntaner%2C+67+Barcelona,"C/ de Muntaner, 67",08011,Eixample
326,Can Pizza Universidad,Italian,https://canpizza.com/,+34 933016839,https://www.google.com/maps/search/?api=1&query=Can+Pizza+Universidad+Pl.+de+la+Universitat%2C+4+Barcelona,"Pl. de la Universitat, 4",08007,Eixample
327,Lasarte,Basque,https://restaurantlasarte.com/,+34 934453242,https://www.google.com/maps/search/?api=1&query=Lasarte+C%2F+de+Mallorca%2C+259+Barcelona,"C/ de Mallorca, 259",08008,Eixample
328,Alkimia,Catalan,https://alkimia.cat/,+34 932076115,https://www.google.com/maps/search/?api=1&query=Alkimia+Ronda+de+Sant+Antoni%2C+41+Barcelona,"Ronda de Sant Antoni, 41",08011,Eixample
329,Hisop,Mediterranean,https://hisop.com/,+34 932418233,https://www.google.com/maps/search/?api=1&query=Hisop+Passatge+de+Marimon%2C+9+Barcelona,"Passatge de Marimon, 9",08021,Eixample
330,Enigma by Albert Adrià,Mediterranean,,,https://www.google.com/maps/search/?api=1&query=Enigma+by+Albert+Adri%C3%A0+C%2F+del+Consell+de+Cent%2C+385+Barcelona,"C/ del Consell de Cent, 385",08009,Eixample
331,Cervecería Catalana 2,Spanish,https://cerveceriacatalana.com/,+34 932160368,https://www.google.com/maps/search/?api=1&query=Cervecer%C3%ADa+Catalana+2+C%2F+de+Proven%C3%A7a%2C+236+Barcelona,"C/ de Provença, 236",08008,Eixample
332,Bar Mut,Mediterranean,https://barmut.com/,+34 932174338,https://www.google.com/maps/search/?api=1&query=Bar+Mut+C%2F+de+Pau+Claris%2C+192+Barcelona,"C/ de Pau Claris, 192",08037,Eixample
333,La Bodegueta,Spanish,https://labodegueta.cat/,+34 932154894,https://www.google.com/maps/search/?api=1&query=La+Bodegueta+Rambla+de+Catalunya%2C+100+Barcelona,"Rambla de Catalunya, 100",08008,Eixample
334,Can Kenji,Japanese,,,https://www.google.com/maps/search/?api=1&query=Can+Kenji+C%2F+del+Rossell%C3%B3%2C+325+Barcelona,"C/ del Rosselló, 325",08037,Eixample
335,Somiatruites,Mediterranean,,,https://www.google.com/maps/search/?api=1&query=Somiatruites+C%2F+del+Consell+de+Cent%2C+184+Barcelona,"C/ del Consell de Cent, 184",08011,Eixample
336,El Rincón Maya,Mexican,,,https://www.google.com/maps/search/?api=1&query=El+Rinc%C3%B3n+Maya+C%2F+de+Val%C3%A8ncia%2C+183+Barcelona,"C/ de València, 183",08011,Eixample
337,Teresa Carles,Vegetarian/Vegan,https://teresacarles.com/,+34 933171829,https://www.google.com/maps/search/?api=1&query=Teresa+Carles+C%2F+de+Jovellanos%2C+2+Barcelona,"C/ de Jovellanos, 2",08001,Eixample
338,Elisabets,Spanish,,+34 933175826,https://www.google.com/maps/search/?api=1&query=Elisabets+C%2F+d%27Elisabets%2C+2+Barcelona,"C/ d'Elisabets, 2",08001,El Raval
339,78|33,Mediterranean,,,https://www.google.com/maps/search/?api=1&query=78%7C33+C%2F+de+Ferlandina%2C+29+Barcelona,"C/ de Ferlandina, 29",08001,El Raval
340,Palosanto Tapas Bar,Spanish,https://palosantotapasbar.com/,,https://www.google.com/maps/search/?api=1&query=Palosanto+Tapas+Bar+Rambla+del+Raval%2C+26+Barcelona,"Rambla del Raval, 26",08001,El Raval
341,Güell Tapas,Spanish,https://guelltapas.com/,+34 933015558,https://www.google.com/maps/search/?api=1&query=G%C3%BCell+Tapas+C%2F+Nou+de+la+Rambla%2C+20+Barcelona,"C/ Nou de la Rambla, 20",08001,El Raval
342,Gats,Mediterranean,,,https://www.google.com/maps/search/?api=1&query=Gats+C%2F+del+Carme%2C+28+Barcelona,"C/ del Carme, 28",08001,El Raval
343,Bar Pinotxo,Spanish,https://pinotxobar.com/,+34 933171731,https://www.google.com/maps/search/?api=1&query=Bar+Pinotxo+La+Boqueria%2C+Pl.+66-67+Barcelona,"La Boqueria, Pl. 66-67",08001,El Raval
344,Koy Shunka,Japanese,https://koyshunka.com/,+34 934127939,https://www.google.com/maps/search/?api=1&query=Koy+Shunka+C%2F+de+Copons%2C+7+Barcelona,"C/ de Copons, 7",08002,El Raval
345,Bar Lobo,Mediterranean,https://grupotragaluz.com/restaurante/bar-lobo/,+34 934813346,https://www.google.com/maps/search/?api=1&query=Bar+Lobo+C%2F+del+Pintor+Fortuny%2C+3+Barcelona,"C/ del Pintor Fortuny, 3",08001,El Raval
346,Biblioteca,Mediterranean,,,https://www.google.com/maps/search/?api=1&query=Biblioteca+C%2F+de+la+Junta+de+Comer%C3%A7%2C+28+Barcelona,"C/ de la Junta de Comerç, 28",08001,El Raval
347,La Boqueria Market Stalls,Other,https://boqueria.barcelona/,+34 934132303,https://www.google.com/maps/search/?api=1&query=La+Boqueria+Market+Stalls+La+Rambla%2C+91+Barcelona,"La Rambla, 91",08001,El Raval
348,Sesamo,Vegetarian/Vegan,,,https://www.google.com/maps/search/?api=1&query=Sesamo+C%2F+de+Sant+Antoni+Abat%2C+52+Barcelona,"C/ de Sant Antoni Abat, 52",08001,El Raval
349,Quimet & Quimet,Spanish,https://www.quimetquimet.com/,+34 934423142,https://www.google.com/maps/search/?api=1&query=Quimet+%26+Quimet+C%2F+del+Poeta+Cabanyes%2C+25+Barcelona,"C/ del Poeta Cabanyes, 25",08004,Poble Sec
350,Bar Seco,Mediterranean,,,https://www.google.com/maps/search/?api=1&query=Bar+Seco+Pg.+de+Montju%C3%AFc%2C+74+Barcelona,"Pg. de Montjuïc, 74",08038,Poble Sec
351,Al Bistró,Mediterranean,,,https://www.google.com/maps/search/?api=1&query=Al+Bistr%C3%B3+C%2F+de+Blai%2C+56+Barcelona,"C/ de Blai, 56",08004,Poble Sec
352,La Tomaquera,Catalan,https://latomaquera.cat/,+34 675902389,https://www.google.com/maps/search/?api=1&query=La+Tomaquera+C%2F+de+Margarit%2C+58+Barcelona,"C/ de Margarit, 58",08004,Poble Sec
353,Bodega Saltó,Spanish,,,https://www.google.com/maps/search/?api=1&query=Bodega+Salt%C3%B3+C%2F+de+Blesa%2C+36+Barcelona,"C/ de Blesa, 36",08004,Poble Sec
354,La Bella Napoli,Italian,https://labellanapoli.es/,+34 934426056,https://www.google.com/maps/search/?api=1&query=La+Bella+Napoli+C%2F+de+Margarit%2C+14+Barcelona,"C/ de Margarit, 14",08004,Poble Sec
355,Federal Café Poble Sec,Café,https://federalcafe.es/,+34 934334551,https://www.google.com/maps/search/?api=1&query=Federal+Caf%C3%A9+Poble+Sec+C%2F+del+Parlament%2C+39+Barcelona,"C/ del Parlament, 39",08015,Poble Sec
356,Palo Cortao,Spanish,,,https://www.google.com/maps/search/?api=1&query=Palo+Cortao+C%2F+de+Nou+de+la+Rambla%2C+146+Barcelona,"C/ de Nou de la Rambla, 146",08004,Poble Sec
357,Can Paixano (La Xampanyeria),Spanish,https://canpaixano.com/,+34 933100839,https://www.google.com/maps/search/?api=1&query=Can+Paixano+%28La+Xampanyeria%29+C%2F+de+la+Reina+Cristina%2C+7+Barcelona,"C/ de la Reina Cristina, 7",08003,Barceloneta
358,Vaso de Oro,Spanish,https://vasodeoro.com/,+34 933193098,https://www.google.com/maps/search/?api=1&query=Vaso+de+Oro+C%2F+de+Balboa%2C+6+Barcelona,"C/ de Balboa, 6",08003,Barceloneta
359,El Chiringuito de la Barceloneta,Seafood,https://elchiringuito.com/,+34 932258018,https://www.google.com/maps/search/?api=1&query=El+Chiringuito+de+la+Barceloneta+Pg.+Mar%C3%ADtim%2C+30+Barcelona,"Pg. Marítim, 30",08003,Barceloneta
360,Salamanca,Seafood,https://restaurantesalamanca.es/,+34 932213033,https://www.google.com/maps/search/?api=1&query=Salamanca+C%2F+de+l%27Almirall+Cervera%2C+34+Barcelona,"C/ de l'Almirall Cervera, 34",08003,Barceloneta
361,1881 per Sagardi,Basque,https://www.sagardi.com/1881/,+34 932212185,https://www.google.com/maps/search/?api=1&query=1881+per+Sagardi+Pl.+de+Pau+Vila%2C+3+Barcelona,"Pl. de Pau Vila, 3",08003,Barceloneta
362,Gilda by Belgious,Other,https://gildabcn.com/,+34 933176454,https://www.google.com/maps/search/?api=1&query=Gilda+by+Belgious+C%2F+Ample%2C+34+Barcelona,"C/ Ample, 34",08002,Barri Gòtic
363,Tapas del Gòtic,Spanish,,,https://www.google.com/maps/search/?api=1&query=Tapas+del+G%C3%B2tic+C%2F+de+Montsi%C3%B3%2C+5+Barcelona,"C/ de Montsió, 5",08002,Barri Gòtic
364,Granja Dulcinea,Café,,+34 933026824,https://www.google.com/maps/search/?api=1&query=Granja+Dulcinea+C%2F+de+Petritxol%2C+2+Barcelona,"C/ de Petritxol, 2",08002,Barri Gòtic
365,Los Caracoles,Catalan,https://loscaracoles.es/,+34 933912041,https://www.google.com/maps/search/?api=1&query=Los+Caracoles+C%2F+dels+Escudellers%2C+14+Barcelona,"C/ dels Escudellers, 14",08002,Barri Gòtic
366,Agut,Catalan,http://www.restaurantagut.com/,+34 933151709,https://www.google.com/maps/search/?api=1&query=Agut+C%2F+d%27en+Gign%C3%A0s%2C+16+Barcelona,"C/ d'en Gignàs, 16",08002,Barri Gòtic
367,Passadís del Pep,Seafood,https://passadis.com/,+34 933101021,https://www.google.com/maps/search/?api=1&query=Passad%C3%ADs+del+Pep+Pl.+del+Palau%2C+2+Barcelona,"Pl. del Palau, 2",08003,El Born
368,Llamber,Mediterranean,https://llamber.com/,+34 933196250,https://www.google.com/maps/search/?api=1&query=Llamber+C%2F+de+la+Fusina%2C+5+Barcelona,"C/ de la Fusina, 5",08003,El Born
369,Tantarantana,Mediterranean,,,https://www.google.com/maps/search/?api=1&query=Tantarantana+C%2F+de+Tantarantana%2C+24+Barcelona,"C/ de Tantarantana, 24",08003,El Born
370,El 58,Spanish,https://el58.es/,+34 933191658,https://www.google.com/maps/search/?api=1&query=El+58+Rambla+del+Poblenou%2C+58+Barcelona,"Rambla del Poblenou, 58",08005,Poblenou
371,Batea,Seafood,,+34 933 214 501,https://www.google.com/maps/search/?api=1&query=Batea+Rambla+del+Poblenou%2C+16+Barcelona,"Rambla del Poblenou, 16",08005,Poblenou
372,Atipical,Mediterranean,,,https://www.google.com/maps/search/?api=1&query=Atipical+C%2F+de+Llull%2C+259+Barcelona,"C/ de Llull, 259",08005,Poblenou
373,Superlocal,Mediterranean,,,https://www.google.com/maps/search/?api=1&query=Superlocal+C%2F+de+Pere+IV%2C+168+Barcelona,"C/ de Pere IV, 168",08005,Poblenou
374,Can Dennís,Catalan,,,https://www.google.com/maps/search/?api=1&query=Can+Denn%C3%ADs+C%2F+de+Pasqual+de+Gaiola%2C+5+Barcelona,"C/ de Pasqual de Gaiola, 5",08005,Poblenou
375,La Pubilla del Poblenou,Catalan,,,https://www.google.com/maps/search/?api=1&query=La+Pubilla+del+Poblenou+C%2F+de+Mari%C3%A0+Aguil%C3%B3%2C+149+Barcelona,"C/ de Marià Aguiló, 149",08005,Poblenou
376,Parking Pizza,Italian,https://parkingpizza.com/,+34 937102363,https://www.google.com/maps/search/?api=1&query=Parking+Pizza+C%2F+de+Llull%2C+72+Barcelona,"C/ de Llull, 72",08005,Poblenou
377,Intrèpid de Gràcia,Mediterranean,,,https://www.google.com/maps/search/?api=1&query=Intr%C3%A8pid+de+Gr%C3%A0cia+C%2F+del+Torrent+de+l%27Olla%2C+176+Barcelona,"C/ del Torrent de l'Olla, 176",08012,Gràcia
378,L'olla del Torrent,French,,,https://www.google.com/maps/search/?api=1&query=L%27olla+del+Torrent+C%2F+del+Torrent+de+l%27Olla%2C+106+Barcelona,"C/ del Torrent de l'Olla, 106",08012,Gràcia
379,Bar Alegría Gràcia,Spanish,https://baralegriarestaurante.com/,+34 934152078,https://www.google.com/maps/search/?api=1&query=Bar+Alegr%C3%ADa+Gr%C3%A0cia+C%2F+del+Torrent+de+l%27Olla%2C+77+Barcelona,"C/ del Torrent de l'Olla, 77",08012,Gràcia
380,Pepa Tomate,Mediterranean,https://www.pepatomategrup.com/,+34 932104698,https://www.google.com/maps/search/?api=1&query=Pepa+Tomate+Pl.+de+la+Revoluci%C3%B3%2C+15+Barcelona,"Pl. de la Revolució, 15",08012,Gràcia
381,Botafumeiro,Seafood,https://botafumeiro.es/,+34 932184230,https://www.google.com/maps/search/?api=1&query=Botafumeiro+C%2F+Gran+de+Gr%C3%A0cia%2C+81+Barcelona,"C/ Gran de Gràcia, 81",08012,Gràcia
382,La Llar dels Orígens,Catalan,,,https://www.google.com/maps/search/?api=1&query=La+Llar+dels+Or%C3%ADgens+C%2F+de+Ramon+y+Cajal%2C+12+Barcelona,"C/ de Ramon y Cajal, 12",08012,Gràcia
383,Ipar-Txoko,Basque,,,https://www.google.com/maps/search/?api=1&query=Ipar-Txoko+C%2F+de+Mozart%2C+22+Barcelona,"C/ de Mozart, 22",08012,Gràcia
384,Café del Sol,Mediterranean,https://cafedelsol.cat/,+34 934156863,https://www.google.com/maps/search/?api=1&query=Caf%C3%A9+del+Sol+Pl.+del+Sol%2C+16+Barcelona,"Pl. del Sol, 16",08012,Gràcia
385,Chivuo's,Gastropub,https://chivuos.com/,+34 936670145,https://www.google.com/maps/search/?api=1&query=Chivuo%27s+C%2F+de+Torrijos%2C+30+Barcelona,"C/ de Torrijos, 30",08012,Gràcia
386,Lolita Tapería,Spanish,https://lolitataperia.com/,+34 934245231,https://www.google.com/maps/search/?api=1&query=Lolita+Taper%C3%ADa+C%2F+de+Tamarit%2C+104+Barcelona,"C/ de Tamarit, 104",08015,Sant Antoni
387,Tarannà,Mediterranean,,,https://www.google.com/maps/search/?api=1&query=Tarann%C3%A0+C%2F+de+Viladomat%2C+23+Barcelona,"C/ de Viladomat, 23",08015,Sant Antoni
388,La Flauta del Paralelo,Spanish,https://laflautagroup.com/,+34 934414133,https://www.google.com/maps/search/?api=1&query=La+Flauta+del+Paralelo+Av.+del+Paral%C2%B7lel%2C+32+Barcelona,"Av. del Paral·lel, 32",08001,Sants
389,Bar Calders,Mediterranean,https://barcalders.cat/,+34 933299349,https://www.google.com/maps/search/?api=1&query=Bar+Calders+C%2F+del+Parlament%2C+25+Barcelona,"C/ del Parlament, 25",08015,Sant Antoni
390,Cervecería Naviera,Spanish,,,https://www.google.com/maps/search/?api=1&query=Cervecer%C3%ADa+Naviera+Av.+Diagonal%2C+534+Barcelona,"Av. Diagonal, 534",08029,Les Corts
391,Vivanda,Catalan,https://vivanda.cat/,+34 932031918,https://www.google.com/maps/search/?api=1&query=Vivanda+C%2F+Major+de+Sarri%C3%A0%2C+134+Barcelona,"C/ Major de Sarrià, 134",08017,Sarrià-Sant Gervasi
392,Tram-Tram,Catalan,,,https://www.google.com/maps/search/?api=1&query=Tram-Tram+C%2F+Major+de+Sarri%C3%A0%2C+121+Barcelona,"C/ Major de Sarrià, 121",08017,Sarrià-Sant Gervasi
393,El Asador de Aranda,Spanish,https://asadordearanda.net/,+34 934170115,https://www.google.com/maps/search/?api=1&query=El+Asador+de+Aranda+Av.+del+Tibidabo%2C+31+Barcelona,"Av. del Tibidabo, 31",08022,Sarrià-Sant Gervasi
394,Via Veneto,Catalan,https://viavenetobarcelona.com/,+34 932007244,https://www.google.com/maps/search/?api=1&query=Via+Veneto+C%2F+de+Ganduxer%2C+10+Barcelona,"C/ de Ganduxer, 10",08021,Sarrià-Sant Gervasi
395,Can Travi Nou,Catalan,https://gruptravi.com/ca/can-travi-nou/,+34 934280301,https://www.google.com/maps/search/?api=1&query=Can+Travi+Nou+C%2F+de+Jorge+Manrique%2C+s%2Fn+Barcelona,"C/ de Jorge Manrique, s/n",08035,Horta-Guinardó
396,Torre de Alta Mar,Seafood,https://torredealtamar.com/,+34 932210007,https://www.google.com/maps/search/?api=1&query=Torre+de+Alta+Mar+Pg.+de+Joan+de+Borb%C3%B3%2C+88+Barcelona,"Pg. de Joan de Borbó, 88",08039,Barceloneta
397,Fukamura,Japanese,,,https://www.google.com/maps/search/?api=1&query=Fukamura+C%2F+de+Cal%C3%A0bria%2C+95+Barcelona,"C/ de Calàbria, 95",08015,Eixample
398,Casa Fiero,Spanish,,,https://www.google.com/maps/search/?api=1&query=Casa+Fiero+C%2F+de+Londres%2C+45+Barcelona,"C/ de Londres, 45",08036,Eixample
399,Kay Kebab,Turkish,,,https://www.google.com/maps/search/?api=1&query=Kay+Kebab+Pl.+del+Letamendi%2C+30+Barcelona,"Pl. del Letamendi, 30",08007,Eixample
400,22:22 Cultura Dulce,Mexican,,,https://www.google.com/maps/search/?api=1&query=22%3A22+Cultura+Dulce+C%2F+de+Par%C3%ADs%2C+165+Barcelona,"C/ de París, 165",08036,Eixample
401,Bar Universal,Mediterranean,,,https://www.google.com/maps/search/?api=1&query=Bar+Universal+C%2F+d%27Aribau%2C+62+Barcelona,"C/ d'Aribau, 62",08011,Eixample
402,New Pause Coffee Bar,Café,,,https://www.google.com/maps/search/?api=1&query=New+Pause+Coffee+Bar+C%2F+de+C%C3%B2rsega%2C+211+Barcelona,"C/ de Còrsega, 211",08036,Eixample
403,Artchur,Spanish,,,https://www.google.com/maps/search/?api=1&query=Artchur+C%2F+de+Muntaner%2C+61+Barcelona,"C/ de Muntaner, 61",08011,Eixample
404,Wondmo,Chinese,,,https://www.google.com/maps/search/?api=1&query=Wondmo+C%2F+de+la+Diputaci%C3%B3%2C+168+Barcelona,"C/ de la Diputació, 168",08011,Eixample
405,Mizzica,Italian,,,https://www.google.com/maps/search/?api=1&query=Mizzica+C%2F+d%27Enric+Granados%2C+9+Barcelona,"C/ d'Enric Granados, 9",08007,Eixample
406,Ares Eixample,French,,,https://www.google.com/maps/search/?api=1&query=Ares+Eixample+Rambla+de+Catalunya%2C+29+Barcelona,"Rambla de Catalunya, 29",08007,Eixample
407,Babula Bar 1937,Spanish,,,https://www.google.com/maps/search/?api=1&query=Babula+Bar+1937+C%2F+de+Pau+Claris%2C+167+Barcelona,"C/ de Pau Claris, 167",08037,Eixample
408,Joséphine,Mediterranean,,,https://www.google.com/maps/search/?api=1&query=Jos%C3%A9phine+C%2F+de+Pau+Claris%2C+100+Barcelona,"C/ de Pau Claris, 100",08009,Eixample
409,Fugaz,Mediterranean,,,https://www.google.com/maps/search/?api=1&query=Fugaz+C%2F+de+Mallorca%2C+170+Barcelona,"C/ de Mallorca, 170",08036,Eixample
410,Glug Bar,Mediterranean,,,https://www.google.com/maps/search/?api=1&query=Glug+Bar+C%2F+de+Villadomat%2C+289+Barcelona,"C/ de Villadomat, 289",08029,Eixample
411,Birika,Mediterranean,,,https://www.google.com/maps/search/?api=1&query=Birika+Pg.+de+Gr%C3%A0cia%2C+29+Barcelona,"Pg. de Gràcia, 29",08007,Eixample
412,Parda Steakhouse,Spanish,,,https://www.google.com/maps/search/?api=1&query=Parda+Steakhouse+C%2F+del+Rossell%C3%B3%2C+331+Barcelona,"C/ del Rosselló, 331",08037,Eixample
413,Matcha Crew,Café,,,https://www.google.com/maps/search/?api=1&query=Matcha+Crew+C%2F+de+Val%C3%A8ncia%2C+418+Barcelona,"C/ de València, 418",08013,Eixample
414,Generation B,Café,,,https://www.google.com/maps/search/?api=1&query=Generation+B+C%2F+de+Girona%2C+118+Barcelona,"C/ de Girona, 118",08009,Eixample
415,Manifest,Café,,,https://www.google.com/maps/search/?api=1&query=Manifest+C%2F+de+Castillejos%2C+285+Barcelona,"C/ de Castillejos, 285",08025,Eixample
416,Prima Salvaje,Café,,,https://www.google.com/maps/search/?api=1&query=Prima+Salvaje+C%2F+de+Girona%2C+181+Barcelona,"C/ de Girona, 181",08025,Eixample
417,Melodia,Greek,,,https://www.google.com/maps/search/?api=1&query=Melodia+C%2F+dels+Enamorats%2C+77+Barcelona,"C/ dels Enamorats, 77",08013,Eixample
418,Moku,Café,,,https://www.google.com/maps/search/?api=1&query=Moku+C%2F+de+Proven%C3%A7a%2C+366+Barcelona,"C/ de Provença, 366",08037,Eixample
419,Cocina Hermanos Torres,Mediterranean,https://cocinahermanostorres.com/,+34 934100020,https://www.google.com/maps/search/?api=1&query=Cocina+Hermanos+Torres+C%2F+del+Taqu%C3%ADgraf+Serra%2C+20+Barcelona,"C/ del Taquígraf Serra, 20",08029,Les Corts
420,Arrosseria Xàtiva Les Corts,Spanish,https://grupxativa.com/,+34 932848502,https://www.google.com/maps/search/?api=1&query=Arrosseria+X%C3%A0tiva+Les+Corts+C%2F+de+Galileu%2C+96+Barcelona,"C/ de Galileu, 96",08028,Les Corts
421,Bar Restaurante Las Corts,Spanish,,,https://www.google.com/maps/search/?api=1&query=Bar+Restaurante+Las+Corts+Travessera+de+les+Corts%2C+110+Barcelona,"Travessera de les Corts, 110",08028,Les Corts
422,Can Fusté,Mediterranean,,,https://www.google.com/maps/search/?api=1&query=Can+Fust%C3%A9+C%2F+de+Vallespir%2C+45+Barcelona,"C/ de Vallespir, 45",08014,Les Corts
423,Manda Huevos,Spanish,,,https://www.google.com/maps/search/?api=1&query=Manda+Huevos+Travessera+de+les+Corts%2C+66+Barcelona,"Travessera de les Corts, 66",08028,Les Corts
424,El Guajolote,Mexican,,,https://www.google.com/maps/search/?api=1&query=El+Guajolote+C%2F+de+Galileu%2C+71+Barcelona,"C/ de Galileu, 71",08028,Les Corts
425,El Tap,Gastropub,,,https://www.google.com/maps/search/?api=1&query=El+Tap+Travessera+de+les+Corts%2C+44+Barcelona,"Travessera de les Corts, 44",08028,Les Corts
426,Putxinel·lis,Mediterranean,,,https://www.google.com/maps/search/?api=1&query=Putxinel%C2%B7lis+C%2F+de+Num%C3%A0ncia%2C+90+Barcelona,"C/ de Numància, 90",08029,Les Corts
427,Bodega Brugal,Spanish,,,https://www.google.com/maps/search/?api=1&query=Bodega+Brugal+C%2F+de+Galileu%2C+105+Barcelona,"C/ de Galileu, 105",08028,Les Corts
428,Beirut Restaurant,Lebanese,,,https://www.google.com/maps/search/?api=1&query=Beirut+Restaurant+C%2F+de+Vallespir%2C+22+Barcelona,"C/ de Vallespir, 22",08014,Les Corts
429,9 Reinas Gourmet,Argentine,https://nuevereinas.com/,+34 933 486 820,https://www.google.com/maps/search/?api=1&query=9+Reinas+Gourmet+Av.+Diagonal%2C+648+Barcelona,"Av. Diagonal, 648",08017,Sarrià-Sant Gervasi
430,Dos Torres,Mediterranean,,,https://www.google.com/maps/search/?api=1&query=Dos+Torres+Av.+Pearson%2C+2+Barcelona,"Av. Pearson, 2",08034,Sarrià-Sant Gervasi
431,El Jardí de l'Abadessa,Mediterranean,https://jardiabadessa.com/,,https://www.google.com/maps/search/?api=1&query=El+Jard%C3%AD+de+l%27Abadessa+Av.+de+Pedralbes%2C+30+Barcelona,"Av. de Pedralbes, 30",08034,Sarrià-Sant Gervasi
432,Crep Nova Pedralbes,Italian,,,https://www.google.com/maps/search/?api=1&query=Crep+Nova+Pedralbes+C%2F+del+Dr.+August+Pi+i+Sunyer%2C+12+Barcelona,"C/ del Dr. August Pi i Sunyer, 12",08034,Sarrià-Sant Gervasi
433,Txalaparta,Basque,https://restaurantetxalaparta.com/,,https://www.google.com/maps/search/?api=1&query=Txalaparta+C%2F+de+Sants%2C+210+Barcelona,"C/ de Sants, 210",08028,Sants
434,Tremendo Bar,Spanish,,,https://www.google.com/maps/search/?api=1&query=Tremendo+Bar+C%2F+de+Sants%2C+150+Barcelona,"C/ de Sants, 150",08028,Sants
435,La Nova Farga,Catalan,,,https://www.google.com/maps/search/?api=1&query=La+Nova+Farga+C%2F+de+la+Creu+Coberta%2C+83+Barcelona,"C/ de la Creu Coberta, 83",08014,Sants
436,El Rebost d'Hostafrancs,Mediterranean,https://elrebostdhostafrancs.com/,,https://www.google.com/maps/search/?api=1&query=El+Rebost+d%27Hostafrancs+Gran+Via+de+les+Corts+Catalanes%2C+415+Barcelona,"Gran Via de les Corts Catalanes, 415",08015,Sants
437,Café Bar Ernesto,Spanish,,,https://www.google.com/maps/search/?api=1&query=Caf%C3%A9+Bar+Ernesto+C%2F+de+la+Creu+Coberta%2C+62+Barcelona,"C/ de la Creu Coberta, 62",08014,Sants
438,Bar Lola Tapas y Platillos,Spanish,,,https://www.google.com/maps/search/?api=1&query=Bar+Lola+Tapas+y+Platillos+Gran+Via+de+les+Corts+Catalanes%2C+450+Barcelona,"Gran Via de les Corts Catalanes, 450",08015,Sants
439,Tapaspuma,Spanish,,,https://www.google.com/maps/search/?api=1&query=Tapaspuma+Gran+Via+de+les+Corts+Catalanes%2C+420+Barcelona,"Gran Via de les Corts Catalanes, 420",08015,Sants
440,Ugarit Sants,Middle Eastern,,,https://www.google.com/maps/search/?api=1&query=Ugarit+Sants+C%2F+de+Sants%2C+105+Barcelona,"C/ de Sants, 105",08014,Sants
441,Asador de Lugo,Spanish,,,https://www.google.com/maps/search/?api=1&query=Asador+de+Lugo+C%2F+de+Joan+G%C3%BCell%2C+45+Barcelona,"C/ de Joan Güell, 45",08028,Sants
442,O'Rincón da Terra,Spanish,,,https://www.google.com/maps/search/?api=1&query=O%27Rinc%C3%B3n+da+Terra+C%2F+de+Sants%2C+180+Barcelona,"C/ de Sants, 180",08028,Sants
443,Bodega Salvat,Spanish,,,https://www.google.com/maps/search/?api=1&query=Bodega+Salvat+C%2F+de+Galileu%2C+30+Barcelona,"C/ de Galileu, 30",08028,Sants
444,La Cuina de l'Avia,Catalan,,,https://www.google.com/maps/search/?api=1&query=La+Cuina+de+l%27Avia+C%2F+Gran+de+Sant+Andreu%2C+110+Barcelona,"C/ Gran de Sant Andreu, 110",08030,Sant Andreu
445,El Celler de Sant Andreu,Catalan,,,https://www.google.com/maps/search/?api=1&query=El+Celler+de+Sant+Andreu+C%2F+Gran+de+Sant+Andreu%2C+80+Barcelona,"C/ Gran de Sant Andreu, 80",08030,Sant Andreu
446,Can Joanet,Catalan,,,https://www.google.com/maps/search/?api=1&query=Can+Joanet+Pl.+del+Comer%C3%A7%2C+5+Barcelona,"Pl. del Comerç, 5",08030,Sant Andreu
447,La Perla del Born,Seafood,,,https://www.google.com/maps/search/?api=1&query=La+Perla+del+Born+C%2F+Gran+de+Sant+Andreu%2C+145+Barcelona,"C/ Gran de Sant Andreu, 145",08030,Sant Andreu
448,Bar El Roble,Spanish,,,https://www.google.com/maps/search/?api=1&query=Bar+El+Roble+C%2F+de+Joan+Torras%2C+55+Barcelona,"C/ de Joan Torras, 55",08030,Sant Andreu
449,Can Maño Nou Barris,Catalan,,,https://www.google.com/maps/search/?api=1&query=Can+Ma%C3%B1o+Nou+Barris+C%2F+de+Viladrosa%2C+35+Barcelona,"C/ de Viladrosa, 35",08042,Nou Barris
450,El Mirador de Nou Barris,Mediterranean,,,https://www.google.com/maps/search/?api=1&query=El+Mirador+de+Nou+Barris+Pg.+de+Fabra+i+Puig%2C+300+Barcelona,"Pg. de Fabra i Puig, 300",08042,Nou Barris
451,Restaurant La Llanterna,Catalan,,,https://www.google.com/maps/search/?api=1&query=Restaurant+La+Llanterna+C%2F+de+Viladrosa%2C+80+Barcelona,"C/ de Viladrosa, 80",08042,Nou Barris
452,Bar Cal Jordi,Spanish,,,https://www.google.com/maps/search/?api=1&query=Bar+Cal+Jordi+C%2F+de+Canyelles%2C+20+Barcelona,"C/ de Canyelles, 20",08042,Nou Barris
453,Can Travi Vell,Catalan,https://gruptravi.com/,+34 934280301,https://www.google.com/maps/search/?api=1&query=Can+Travi+Vell+C%2F+de+Jorge+Manrique%2C+10+Barcelona,"C/ de Jorge Manrique, 10",08035,Horta-Guinardó
454,Restaurant La Masia de Horta,Catalan,,,https://www.google.com/maps/search/?api=1&query=Restaurant+La+Masia+de+Horta+C%2F+de+Campoamor%2C+5+Barcelona,"C/ de Campoamor, 5",08024,Horta-Guinardó
455,El Racó d'en Paco,Catalan,,,https://www.google.com/maps/search/?api=1&query=El+Rac%C3%B3+d%27en+Paco+C%2F+del+Carmel%2C+75+Barcelona,"C/ del Carmel, 75",08024,Horta-Guinardó
456,Bar La Font,Spanish,,,https://www.google.com/maps/search/?api=1&query=Bar+La+Font+C%2F+de+Dante+Alighieri%2C+30+Barcelona,"C/ de Dante Alighieri, 30",08032,Horta-Guinardó
457,Restaurant La Terrassa del Guinardó,Mediterranean,,,https://www.google.com/maps/search/?api=1&query=Restaurant+La+Terrassa+del+Guinard%C3%B3+C%2F+de+M%C3%BChlberg%2C+15+Barcelona,"C/ de Mühlberg, 15",08024,Horta-Guinardó
458,Ca l'Estevet Sagrada Família,Catalan,,,https://www.google.com/maps/search/?api=1&query=Ca+l%27Estevet+Sagrada+Fam%C3%ADlia+C%2F+de+Padilla%2C+210+Barcelona,"C/ de Padilla, 210",08013,Sagrada Família
459,El Gran Café Sagrada Família,Mediterranean,,,https://www.google.com/maps/search/?api=1&query=El+Gran+Caf%C3%A9+Sagrada+Fam%C3%ADlia+C%2F+de+Sardenya%2C+250+Barcelona,"C/ de Sardenya, 250",08013,Sagrada Família
460,Pizzeria Italiana Sagrada,Italian,,,https://www.google.com/maps/search/?api=1&query=Pizzeria+Italiana+Sagrada+C%2F+de+Marina%2C+180+Barcelona,"C/ de Marina, 180",08013,Sagrada Família
461,El Fogón de Sicília,Spanish,,,https://www.google.com/maps/search/?api=1&query=El+Fog%C3%B3n+de+Sic%C3%ADlia+C%2F+de+Sic%C3%ADlia%2C+265+Barcelona,"C/ de Sicília, 265",08025,Sagrada Família
462,Restaurante Marina Alta,Mediterranean,,,https://www.google.com/maps/search/?api=1&query=Restaurante+Marina+Alta+C%2F+de+Marina%2C+260+Barcelona,"C/ de Marina, 260",08025,Sagrada Família
463,La Venta del Born,Catalan,,,https://www.google.com/maps/search/?api=1&query=La+Venta+del+Born+C%2F+del+Clot%2C+200+Barcelona,"C/ del Clot, 200",08018,Clot
464,Bar Restaurant El Triangle,Spanish,,,https://www.google.com/maps/search/?api=1&query=Bar+Restaurant+El+Triangle+C%2F+de+Mallorca%2C+550+Barcelona,"C/ de Mallorca, 550",08026,Clot
465,Restaurante El Port,Seafood,,,https://www.google.com/maps/search/?api=1&query=Restaurante+El+Port+C%2F+del+Taulat%2C+10+Barcelona,"C/ del Taulat, 10",08019,Sant Martí
466,Can Recasens,Catalan,https://canrecasens.restaurant/,+34 933008123,https://www.google.com/maps/search/?api=1&query=Can+Recasens+Rambla+del+Poblenou%2C+102+Barcelona,"Rambla del Poblenou, 102",08005,Sant Martí
467,Agreste Mar,Italian,,,https://www.google.com/maps/search/?api=1&query=Agreste+Mar+Pg.+Colom%2C+9+Barcelona,"Pg. Colom, 9",08002,Sant Martí
468,LOMBO,Mediterranean,,,https://www.google.com/maps/search/?api=1&query=LOMBO+C%2F+de+Llull%2C+330+Barcelona,"C/ de Llull, 330",08019,Sant Martí
469,Rasoterra,Vegetarian/Vegan,https://rasoterra.cat/,+34 933186926,https://www.google.com/maps/search/?api=1&query=Rasoterra+C%2F+del+Palau%2C+5+Barcelona,"C/ del Palau, 5",08002,Barri Gòtic
470,Flax & Kale Passage,Vegetarian/Vegan,https://flaxandkale.com/,+34 933175664,https://www.google.com/maps/search/?api=1&query=Flax+%26+Kale+Passage+C%2F+de+Sant+Pere+M%C3%A9s+Alt%2C+31-33+Barcelona,"C/ de Sant Pere Més Alt, 31-33",08003,Barri Gòtic
471,Satan's Coffee Corner,Café,https://satanscoffee.com/,+34 933668422,https://www.google.com/maps/search/?api=1&query=Satan%27s+Coffee+Corner+C%2F+de+l%27Arc+de+Sant+Ramon+del+Call%2C+11+Barcelona,"C/ de l'Arc de Sant Ramon del Call, 11",08002,Barri Gòtic
472,Venus Delicatessen,Mediterranean,,,https://www.google.com/maps/search/?api=1&query=Venus+Delicatessen+C%2F+d%27Aviny%C3%B3%2C+25+Barcelona,"C/ d'Avinyó, 25",08002,Barri Gòtic
473,La Vinateria del Call,Mediterranean,https://lavinateriadelcall.com/,+34 933026092,https://www.google.com/maps/search/?api=1&query=La+Vinateria+del+Call+C%2F+de+Sant+Dom%C3%A8nec+del+Call%2C+9+Barcelona,"C/ de Sant Domènec del Call, 9",08002,Barri Gòtic
474,Sensi Tapas,Spanish,https://sensibistro.com/,+34 932952568,https://www.google.com/maps/search/?api=1&query=Sensi+Tapas+C%2F+Ample%2C+26+Barcelona,"C/ Ample, 26",08002,Barri Gòtic
475,Ocaña,Mediterranean,https://ocana.cat/,+34 936764814,https://www.google.com/maps/search/?api=1&query=Oca%C3%B1a+Pl.+Reial%2C+13-15+Barcelona,"Pl. Reial, 13-15",08002,Barri Gòtic
476,Euskal Etxea,Basque,https://euskaletxeabarcelona.com/,+34 933102185,https://www.google.com/maps/search/?api=1&query=Euskal+Etxea+Pl.+de+Montcada%2C+1-3+Barcelona,"Pl. de Montcada, 1-3",08003,El Born
477,La Bàscula,Vegetarian/Vegan,,,https://www.google.com/maps/search/?api=1&query=La+B%C3%A0scula+C%2F+dels+Flassaders%2C+30+Barcelona,"C/ dels Flassaders, 30",08003,El Born
478,Bornet Bar,Mediterranean,,,https://www.google.com/maps/search/?api=1&query=Bornet+Bar+Pl.+Comercial%2C+10+Barcelona,"Pl. Comercial, 10",08003,El Born
479,Senyor Parellada,Catalan,https://senyorparellada.com/,+34 933105094,https://www.google.com/maps/search/?api=1&query=Senyor+Parellada+C%2F+de+l%27Argenteria%2C+37+Barcelona,"C/ de l'Argenteria, 37",08003,El Born
480,El Petit Bangkok,Asian,,,https://www.google.com/maps/search/?api=1&query=El+Petit+Bangkok+C%2F+de+l%27Argenteria%2C+58+Barcelona,"C/ de l'Argenteria, 58",08003,El Born
481,El Cangrejo Loco Raval,Seafood,,,https://www.google.com/maps/search/?api=1&query=El+Cangrejo+Loco+Raval+C%2F+de+la+Cera%2C+25+Barcelona,"C/ de la Cera, 25",08001,El Raval
482,Mam i Teca,Catalan,,,https://www.google.com/maps/search/?api=1&query=Mam+i+Teca+C%2F+de+la+Lluna%2C+4+Barcelona,"C/ de la Lluna, 4",08001,El Raval
483,La Tertulia del Chef,Mediterranean,,,https://www.google.com/maps/search/?api=1&query=La+Tertulia+del+Chef+C%2F+de+Ferlandina%2C+18+Barcelona,"C/ de Ferlandina, 18",08001,El Raval
484,Bacoa Raval,Gastropub,https://bacoa.es/,+34 932689548,https://www.google.com/maps/search/?api=1&query=Bacoa+Raval+C%2F+dels+Tallers%2C+83+Barcelona,"C/ dels Tallers, 83",08001,El Raval
485,Flax & Kale Raval,Vegetarian/Vegan,https://flaxandkale.com/,+34 933175664,https://www.google.com/maps/search/?api=1&query=Flax+%26+Kale+Raval+C%2F+dels+Tallers%2C+74b+Barcelona,"C/ dels Tallers, 74b",08001,El Raval
486,Las Fernandez,Spanish,,,https://www.google.com/maps/search/?api=1&query=Las+Fernandez+C%2F+del+Carme%2C+17+Barcelona,"C/ del Carme, 17",08001,El Raval
487,En Ville,Mediterranean,,,https://www.google.com/maps/search/?api=1&query=En+Ville+C%2F+del+Doctor+Dou%2C+14+Barcelona,"C/ del Doctor Dou, 14",08001,El Raval
488,Celler Cal Marino,Catalan,,,https://www.google.com/maps/search/?api=1&query=Celler+Cal+Marino+C%2F+de+Margarit%2C+54+Barcelona,"C/ de Margarit, 54",08004,Poble Sec
489,Bar Restaurant Martínez,Mediterranean,https://martinezbarcelona.com/,+34 933106462,https://www.google.com/maps/search/?api=1&query=Bar+Restaurant+Mart%C3%ADnez+Av.+de+Miramar%2C+s%2Fn+Barcelona,"Av. de Miramar, s/n",08038,Poble Sec
490,La Malandrina,Italian,,,https://www.google.com/maps/search/?api=1&query=La+Malandrina+C%2F+de+Blai%2C+72+Barcelona,"C/ de Blai, 72",08004,Poble Sec
491,El Sortidor,Spanish,,,https://www.google.com/maps/search/?api=1&query=El+Sortidor+Pl.+del+Sortidor%2C+5+Barcelona,"Pl. del Sortidor, 5",08004,Poble Sec
492,Cervecería City Hall,Spanish,,,https://www.google.com/maps/search/?api=1&query=Cervecer%C3%ADa+City+Hall+C%2F+del+Comte+Borrell%2C+80+Barcelona,"C/ del Comte Borrell, 80",08015,Sant Antoni
493,Entrepanes y Postres,Spanish,,,https://www.google.com/maps/search/?api=1&query=Entrepanes+y+Postres+C%2F+del+Parlament%2C+57+Barcelona,"C/ del Parlament, 57",08015,Sant Antoni
494,Café Camelia,Café,,,https://www.google.com/maps/search/?api=1&query=Caf%C3%A9+Camelia+C%2F+de+Verdi%2C+79+Barcelona,"C/ de Verdi, 79",08012,Gràcia
495,La Monroe,Mediterranean,,,https://www.google.com/maps/search/?api=1&query=La+Monroe+Pl.+del+Sol%2C+12+Barcelona,"Pl. del Sol, 12",08012,Gràcia
496,Cervecería En Aparte,Mediterranean,,,https://www.google.com/maps/search/?api=1&query=Cervecer%C3%ADa+En+Aparte+C%2F+de+la+Llibertat%2C+28+Barcelona,"C/ de la Llibertat, 28",08012,Gràcia
497,Fragments Café,Mediterranean,,,https://www.google.com/maps/search/?api=1&query=Fragments+Caf%C3%A9+Pl.+de+la+Conc%C3%B2rdia%2C+12+Barcelona,"Pl. de la Concòrdia, 12",08012,Gràcia
498,El Racó de la Vila,Catalan,,,https://www.google.com/maps/search/?api=1&query=El+Rac%C3%B3+de+la+Vila+C%2F+de+la+Llibertat%2C+18+Barcelona,"C/ de la Llibertat, 18",08012,Gràcia
499,Thai Gardens,Asian,,,https://www.google.com/maps/search/?api=1&query=Thai+Gardens+C%2F+de+la+Diputaci%C3%B3%2C+273+Barcelona,"C/ de la Diputació, 273",08007,Gràcia
500,Vietnamita Gràcia,Asian,,,https://www.google.com/maps/search/?api=1&query=Vietnamita+Gr%C3%A0cia+C%2F+de+Torrijos%2C+40+Barcelona,"C/ de Torrijos, 40",08012,Gràcia
501,Il Giardinetto,Italian,https://ilgiardinetto.es/,+34 932 187 536,https://www.google.com/maps/search/?api=1&query=Il+Giardinetto+C%2F+de+la+Granada+del+Pened%C3%A8s%2C+22+Barcelona,"C/ de la Granada del Penedès, 22",08006,Gràcia
502,Can Vidalet,Catalan,,,https://www.google.com/maps/search/?api=1&query=Can+Vidalet+C%2F+de+Ros+de+Olano%2C+1+Barcelona,"C/ de Ros de Olano, 1",08012,Gràcia
503,Mama Manouche,Middle Eastern,,,https://www.google.com/maps/search/?api=1&query=Mama+Manouche+C%2F+de+Torrijos%2C+48+Barcelona,"C/ de Torrijos, 48",08012,Gràcia
504,Koku Kitchen Ramen,Japanese,,,https://www.google.com/maps/search/?api=1&query=Koku+Kitchen+Ramen+C%2F+del+C%C3%B3s%2C+11+Barcelona,"C/ del Cós, 11",08012,Gràcia
505,Somorrostro,Seafood,https://somorrostro.com/,+34 932250010,https://www.google.com/maps/search/?api=1&query=Somorrostro+C%2F+de+Sant+Carles%2C+11+Barcelona,"C/ de Sant Carles, 11",08003,Barceloneta
506,Barceloneta,Seafood,https://restaurantbarceloneta.com/,+34 932212111,https://www.google.com/maps/search/?api=1&query=Barceloneta+C%2F+de+l%27Escar%2C+22+Barcelona,"C/ de l'Escar, 22",08039,Barceloneta
507,Zumzeig Cinecafé,Café,,,https://www.google.com/maps/search/?api=1&query=Zumzeig+Cinecaf%C3%A9+C%2F+de+B%C3%A9jar%2C+53+Barcelona,"C/ de Béjar, 53",08014,Poblenou
508,La Pizzería del Born Poblenou,Italian,,,https://www.google.com/maps/search/?api=1&query=La+Pizzer%C3%ADa+del+Born+Poblenou+Rambla+del+Poblenou%2C+70+Barcelona,"Rambla del Poblenou, 70",08005,Poblenou
509,Green Spot,Vegetarian/Vegan,https://grupotragaluz.com/restaurante/the-green-spot/,+34 938025565,https://www.google.com/maps/search/?api=1&query=Green+Spot+C%2F+de+la+Reina+Cristina%2C+12+Barcelona,"C/ de la Reina Cristina, 12",08003,Poblenou
510,Casa de Tapas Cañota,Spanish,,,https://www.google.com/maps/search/?api=1&query=Casa+de+Tapas+Ca%C3%B1ota+C%2F+de+Llull%2C+285+Barcelona,"C/ de Llull, 285",08019,Poblenou
511,Rooftop Smoking Room Poblenou,Mediterranean,,,https://www.google.com/maps/search/?api=1&query=Rooftop+Smoking+Room+Poblenou+C%2F+de+Pere+IV%2C+272+Barcelona,"C/ de Pere IV, 272",08005,Poblenou
512,L'Artesana,Catalan,,,https://www.google.com/maps/search/?api=1&query=L%27Artesana+C%2F+de+Proven%C3%A7a%2C+120+Barcelona,"C/ de Provença, 120",08029,Eixample
513,Bullanga,Mediterranean,,,https://www.google.com/maps/search/?api=1&query=Bullanga+C%2F+de+Mallorca%2C+275+Barcelona,"C/ de Mallorca, 275",08008,Eixample
514,Per Feina,Spanish,,,https://www.google.com/maps/search/?api=1&query=Per+Feina+C%2F+de+Pallars%2C+85+Barcelona,"C/ de Pallars, 85",08018,Poblenou
515,Gornishki,Mediterranean,,,https://www.google.com/maps/search/?api=1&query=Gornishki+Pl.+de+Francesc+Maci%C3%A0%2C+5+Barcelona,"Pl. de Francesc Macià, 5",08021,Sarrià-Sant Gervasi
516,Bar Casi,Spanish,,,https://www.google.com/maps/search/?api=1&query=Bar+Casi+C%2F+de+Puigmart%C3%AD%2C+10+Barcelona,"C/ de Puigmartí, 10",08012,Gràcia
517,Can Vilaró,Catalan,,,https://www.google.com/maps/search/?api=1&query=Can+Vilar%C3%B3+C%2F+del+Comte+Borrell%2C+37+Barcelona,"C/ del Comte Borrell, 37",08015,Sant Antoni
518,La Balmesina,Mediterranean,,,https://www.google.com/maps/search/?api=1&query=La+Balmesina+C%2F+de+Balmes%2C+350+Barcelona,"C/ de Balmes, 350",08006,Sarrià-Sant Gervasi
519,El Rincón Sevillano,Spanish,,,https://www.google.com/maps/search/?api=1&query=El+Rinc%C3%B3n+Sevillano+C%2F+del+Carmel%2C+55+Barcelona,"C/ del Carmel, 55",08024,Horta-Guinardó
520,Mi Tierra,Colombian,,,https://www.google.com/maps/search/?api=1&query=Mi+Tierra+C%2F+del+Comte+d%27Urgell%2C+70+Barcelona,"C/ del Comte d'Urgell, 70",08011,Eixample
521,Quimet d'Horta,Spanish,,,https://www.google.com/maps/search/?api=1&query=Quimet+d%27Horta+C%2F+d%27Horta%2C+35+Barcelona,"C/ d'Horta, 35",08032,Horta-Guinardó
522,Vinomio,Mediterranean,,,https://www.google.com/maps/search/?api=1&query=Vinomio+C%2F+del+Tajo%2C+20+Barcelona,"C/ del Tajo, 20",08032,Horta-Guinardó
523,Destapa't,Spanish,,,https://www.google.com/maps/search/?api=1&query=Destapa%27t+C%2F+del+Dante%2C+15+Barcelona,"C/ del Dante, 15",08032,Horta-Guinardó
524,Maragall Tapas,Spanish,,,https://www.google.com/maps/search/?api=1&query=Maragall+Tapas+Pg.+de+Maragall%2C+160+Barcelona,"Pg. de Maragall, 160",08041,Horta-Guinardó
525,La Bodegueta d'Horta,Catalan,,,https://www.google.com/maps/search/?api=1&query=La+Bodegueta+d%27Horta+C%2F+d%27Horta%2C+50+Barcelona,"C/ d'Horta, 50",08032,Horta-Guinardó
526,Escaleta del Guinardó,Catalan,,,https://www.google.com/maps/search/?api=1&query=Escaleta+del+Guinard%C3%B3+C%2F+de+M%C3%BChlberg%2C+20+Barcelona,"C/ de Mühlberg, 20",08024,Horta-Guinardó
527,La Cuineta d'Horta,Catalan,,,https://www.google.com/maps/search/?api=1&query=La+Cuineta+d%27Horta+C%2F+d%27Horta%2C+80+Barcelona,"C/ d'Horta, 80",08032,Horta-Guinardó
528,Thai & Green,Asian,,,https://www.google.com/maps/search/?api=1&query=Thai+%26+Green+C%2F+de+Campoamor%2C+20+Barcelona,"C/ de Campoamor, 20",08024,Horta-Guinardó
529,La Cholita,Fusion,,,https://www.google.com/maps/search/?api=1&query=La+Cholita+Pg.+de+Fabra+i+Puig%2C+220+Barcelona,"Pg. de Fabra i Puig, 220",08042,Nou Barris
530,Ovante,Gastropub,,,https://www.google.com/maps/search/?api=1&query=Ovante+C%2F+de+Viladrosa%2C+50+Barcelona,"C/ de Viladrosa, 50",08042,Nou Barris
531,El Mirador del Carmelo,Spanish,,,https://www.google.com/maps/search/?api=1&query=El+Mirador+del+Carmelo+C%2F+del+Carmel%2C+100+Barcelona,"C/ del Carmel, 100",08024,Horta-Guinardó
532,Cervecería Conde Drácula,Spanish,,,https://www.google.com/maps/search/?api=1&query=Cervecer%C3%ADa+Conde+Dr%C3%A1cula+C%2F+de+Viladrosa%2C+60+Barcelona,"C/ de Viladrosa, 60",08042,Nou Barris
533,Los Tres Pinos,Spanish,,,https://www.google.com/maps/search/?api=1&query=Los+Tres+Pinos+C%2F+de+la+Mare+de+D%C3%A9u+de+Montserrat%2C+20+Barcelona,"C/ de la Mare de Déu de Montserrat, 20",08042,Nou Barris
534,Bar Centro Nou Barris,Spanish,,,https://www.google.com/maps/search/?api=1&query=Bar+Centro+Nou+Barris+C%2F+de+Canyelles%2C+30+Barcelona,"C/ de Canyelles, 30",08042,Nou Barris
535,El Barrilet,Spanish,,,https://www.google.com/maps/search/?api=1&query=El+Barrilet+C%2F+de+Vallcivera%2C+15+Barcelona,"C/ de Vallcivera, 15",08042,Nou Barris
536,Restaurante Casa Angelita,Seafood,,,https://www.google.com/maps/search/?api=1&query=Restaurante+Casa+Angelita+C%2F+de+Teide%2C+20+Barcelona,"C/ de Teide, 20",08042,Nou Barris
537,Trattoria Italiana Nou Barris,Italian,,,https://www.google.com/maps/search/?api=1&query=Trattoria+Italiana+Nou+Barris+Pg.+de+Fabra+i+Puig%2C+200+Barcelona,"Pg. de Fabra i Puig, 200",08042,Nou Barris
538,Collonut Sant Andreu,Catalan,,,https://www.google.com/maps/search/?api=1&query=Collonut+Sant+Andreu+C%2F+Gran+de+Sant+Andreu%2C+130+Barcelona,"C/ Gran de Sant Andreu, 130",08030,Sant Andreu
539,Fogón del Castellano y Leonés,Spanish,,,https://www.google.com/maps/search/?api=1&query=Fog%C3%B3n+del+Castellano+y+Leon%C3%A9s+C%2F+de+Joan+Torras%2C+80+Barcelona,"C/ de Joan Torras, 80",08030,Sant Andreu
540,Restaurant l'Andreuenc,Catalan,,,https://www.google.com/maps/search/?api=1&query=Restaurant+l%27Andreuenc+C%2F+de+Neop%C3%A0tria%2C+22+Barcelona,"C/ de Neopàtria, 22",08030,Sant Andreu
541,Restaurant La Marcelina,Mediterranean,,,https://www.google.com/maps/search/?api=1&query=Restaurant+La+Marcelina+C%2F+de+les+Monges%2C+10+Barcelona,"C/ de les Monges, 10",08030,Sant Andreu
542,TocaTeca,Spanish,,,https://www.google.com/maps/search/?api=1&query=TocaTeca+C%2F+Gran+de+Sant+Andreu%2C+100+Barcelona,"C/ Gran de Sant Andreu, 100",08030,Sant Andreu
543,La Panxa del Bou,Catalan,,,https://www.google.com/maps/search/?api=1&query=La+Panxa+del+Bou+C%2F+de+Neop%C3%A0tria%2C+40+Barcelona,"C/ de Neopàtria, 40",08030,Sant Andreu
544,El Tall Ibèric,Spanish,,,https://www.google.com/maps/search/?api=1&query=El+Tall+Ib%C3%A8ric+C%2F+del+Clot%2C+150+Barcelona,"C/ del Clot, 150",08018,Clot
545,Can Pineda,Catalan,,,https://www.google.com/maps/search/?api=1&query=Can+Pineda+C%2F+del+Clot%2C+180+Barcelona,"C/ del Clot, 180",08018,Clot
546,Bardeni el Meatbar,Spanish,https://bardeni.com/,+34 932084023,https://www.google.com/maps/search/?api=1&query=Bardeni+el+Meatbar+C%2F+de+Val%C3%A8ncia%2C+454+Barcelona,"C/ de València, 454",08013,Clot
547,Oníric Restaurant,Mediterranean,,,https://www.google.com/maps/search/?api=1&query=On%C3%ADric+Restaurant+C%2F+de+Castillejos%2C+300+Barcelona,"C/ de Castillejos, 300",08025,Clot
548,Dagma,Spanish,,,https://www.google.com/maps/search/?api=1&query=Dagma+C%2F+de+T%C3%A0nger%2C+80+Barcelona,"C/ de Tànger, 80",08018,Poblenou
549,Atipical Casa de Menjars,Italian,,,https://www.google.com/maps/search/?api=1&query=Atipical+Casa+de+Menjars+C%2F+de+Mari%C3%A0+Aguil%C3%B3%2C+60+Barcelona,"C/ de Marià Aguiló, 60",08005,Poblenou
550,Maraña,Spanish,,,https://www.google.com/maps/search/?api=1&query=Mara%C3%B1a+C%2F+del+Consell+de+Cent%2C+400+Barcelona,"C/ del Consell de Cent, 400",08009,Eixample
551,L'Amoroso,Italian,,,https://www.google.com/maps/search/?api=1&query=L%27Amoroso+C%2F+de+Casanova%2C+125+Barcelona,"C/ de Casanova, 125",08036,Eixample
552,Jacqueline Barcelona,Mediterranean,,,https://www.google.com/maps/search/?api=1&query=Jacqueline+Barcelona+C%2F+de+Roger+de+Ll%C3%BAria%2C+78+Barcelona,"C/ de Roger de Llúria, 78",08009,Eixample
553,Bo de Bernat,Catalan,,,https://www.google.com/maps/search/?api=1&query=Bo+de+Bernat+C%2F+de+Bonavista%2C+7+Barcelona,"C/ de Bonavista, 7",08012,Gràcia
554,Bar Puntal,Mediterranean,,,https://www.google.com/maps/search/?api=1&query=Bar+Puntal+C%2F+de+Sant+Pere+M%C3%A9s+Baix%2C+45+Barcelona,"C/ de Sant Pere Més Baix, 45",08003,El Born
555,Mantequerias Pirenaicas,Spanish,,,https://www.google.com/maps/search/?api=1&query=Mantequerias+Pirenaicas+C%2F+de+l%27Argenteria%2C+65+Barcelona,"C/ de l'Argenteria, 65",08003,El Born
556,Jiribilla,Mexican,,,https://www.google.com/maps/search/?api=1&query=Jiribilla+C%2F+del+Parlament%2C+35+Barcelona,"C/ del Parlament, 35",08015,Sant Antoni
557,Uchu,Japanese,,,https://www.google.com/maps/search/?api=1&query=Uchu+C%2F+d%27Aribau%2C+120+Barcelona,"C/ d'Aribau, 120",08036,Eixample
558,Barra /M,Japanese,,,https://www.google.com/maps/search/?api=1&query=Barra+%2FM+C%2F+de+Villadomat%2C+150+Barcelona,"C/ de Villadomat, 150",08015,Eixample
559,Contracorrent,Mediterranean,,,https://www.google.com/maps/search/?api=1&query=Contracorrent+C%2F+de+Manso%2C+30+Barcelona,"C/ de Manso, 30",08015,Sant Antoni
560,Eldelmar Barcelona,Seafood,,,https://www.google.com/maps/search/?api=1&query=Eldelmar+Barcelona+Pg.+Mar%C3%ADtim+de+la+Barceloneta%2C+s%2Fn+Barcelona,"Pg. Marítim de la Barceloneta, s/n",08003,Barceloneta
561,La Nueva Marquesa,Catalan,,,https://www.google.com/maps/search/?api=1&query=La+Nueva+Marquesa+Travessera+de+les+Corts%2C+100+Barcelona,"Travessera de les Corts, 100",08028,Les Corts
562,La Riera,Vegetarian/Vegan,,,https://www.google.com/maps/search/?api=1&query=La+Riera+C%2F+de+Num%C3%A0ncia%2C+75+Barcelona,"C/ de Numància, 75",08029,Les Corts
563,El Racó de les Corts,Catalan,,,https://www.google.com/maps/search/?api=1&query=El+Rac%C3%B3+de+les+Corts+Travessera+de+les+Corts%2C+85+Barcelona,"Travessera de les Corts, 85",08028,Les Corts
564,Casa Varela,Catalan,,,https://www.google.com/maps/search/?api=1&query=Casa+Varela+C%2F+de+Galileu%2C+55+Barcelona,"C/ de Galileu, 55",08028,Les Corts
565,Mà de Morter,Mediterranean,,,https://www.google.com/maps/search/?api=1&query=M%C3%A0+de+Morter+Travessera+de+les+Corts%2C+120+Barcelona,"Travessera de les Corts, 120",08028,Les Corts
566,Tapas 24 Camp Nou,Spanish,,,https://www.google.com/maps/search/?api=1&query=Tapas+24+Camp+Nou+C%2F+de+les+Corts%2C+20+Barcelona,"C/ de les Corts, 20",08028,Les Corts
567,Terrassa Martínez,Seafood,https://martinezbarcelona.com/,+34 933106462,https://www.google.com/maps/search/?api=1&query=Terrassa+Mart%C3%ADnez+Ctra.+de+Miramar%2C+38+Barcelona,"Ctra. de Miramar, 38",08038,Poble Sec
568,CASA XICA,Mediterranean,,,https://www.google.com/maps/search/?api=1&query=CASA+XICA+C%2F+de+Blai%2C+45+Barcelona,"C/ de Blai, 45",08004,Poble Sec
569,Bar Cañete,Spanish,https://barcanete.com/,+34 932703458,https://www.google.com/maps/search/?api=1&query=Bar+Ca%C3%B1ete+C%2F+de+la+Uni%C3%B3%2C+17+Barcelona,"C/ de la Unió, 17",08001,El Raval
570,Enigma,Mediterranean,,,https://www.google.com/maps/search/?api=1&query=Enigma+C%2F+de+Sic%C3%ADlia%2C+138+Barcelona,"C/ de Sicília, 138",08013,Eixample
571,Cinc Sentits,Catalan,https://cincsentits.com/,+34 933239490,https://www.google.com/maps/search/?api=1&query=Cinc+Sentits+C%2F+d%27Aribau%2C+58+Barcelona,"C/ d'Aribau, 58",08011,Eixample
572,Xerta,Mediterranean,,,https://www.google.com/maps/search/?api=1&query=Xerta+C%2F+del+Rossell%C3%B3%2C+265+Barcelona,"C/ del Rosselló, 265",08008,Eixample
573,Sintonia,Mediterranean,,,https://www.google.com/maps/search/?api=1&query=Sintonia+C%2F+de+Proven%C3%A7a%2C+200+Barcelona,"C/ de Provença, 200",08036,Eixample
574,Restaurant Can Fisher,Seafood,https://canfisher.com/,+34 932252802,https://www.google.com/maps/search/?api=1&query=Restaurant+Can+Fisher+Av.+Litoral+Mar%2C+42+Barcelona,"Av. Litoral Mar, 42",08005,Sant Martí
575,L'Adresse,Fusion,,,https://www.google.com/maps/search/?api=1&query=L%27Adresse+Av.+Diagonal%2C+3+Barcelona,"Av. Diagonal, 3",08019,Sant Martí
576,Café de París,Mediterranean,,,https://www.google.com/maps/search/?api=1&query=Caf%C3%A9+de+Par%C3%ADs+C%2F+de+la+Travessera+de+Gr%C3%A0cia%2C+250+Barcelona,"C/ de la Travessera de Gràcia, 250",08021,Sarrià-Sant Gervasi
577,La Modesta,Catalan,,,https://www.google.com/maps/search/?api=1&query=La+Modesta+C%2F+de+Num%C3%A0ncia%2C+85+Barcelona,"C/ de Numància, 85",08029,Les Corts
578,El Bisturí del Doctor Llaç,Catalan,,,https://www.google.com/maps/search/?api=1&query=El+Bistur%C3%AD+del+Doctor+Lla%C3%A7+C%2F+del+Consell+de+Cent%2C+255+Barcelona,"C/ del Consell de Cent, 255",08011,Eixample
579,La Taqueria Eixample,Mexican,,,https://www.google.com/maps/search/?api=1&query=La+Taqueria+Eixample+C%2F+de+Muntaner%2C+80+Barcelona,"C/ de Muntaner, 80",08011,Eixample
580,Restaurante Galicia,Seafood,,,https://www.google.com/maps/search/?api=1&query=Restaurante+Galicia+C%2F+de+Casanova%2C+97+Barcelona,"C/ de Casanova, 97",08011,Eixample
581,La Mangala,Mediterranean,,,https://www.google.com/maps/search/?api=1&query=La+Mangala+C%2F+de+Proven%C3%A7a%2C+350+Barcelona,"C/ de Provença, 350",08025,Eixample
582,El Jardín de Carmina,Spanish,,,https://www.google.com/maps/search/?api=1&query=El+Jard%C3%ADn+de+Carmina+C%2F+d%27Arag%C3%B3%2C+400+Barcelona,"C/ d'Aragó, 400",08013,Eixample
583,Lolita Eixample,Spanish,,,https://www.google.com/maps/search/?api=1&query=Lolita+Eixample+C%2F+de+Roger+de+Ll%C3%BAria%2C+15+Barcelona,"C/ de Roger de Llúria, 15",08010,Eixample
584,City Bar,Spanish,,,https://www.google.com/maps/search/?api=1&query=City+Bar+C%2F+del+Consell+de+Cent%2C+280+Barcelona,"C/ del Consell de Cent, 280",08011,Eixample
585,Cornelia and Co,Mediterranean,,,https://www.google.com/maps/search/?api=1&query=Cornelia+and+Co+C%2F+de+Val%C3%A8ncia%2C+225+Barcelona,"C/ de València, 225",08007,Eixample
586,Monvínic,Mediterranean,,,https://www.google.com/maps/search/?api=1&query=Monv%C3%ADnic+C%2F+de+Diputaci%C3%B3%2C+249+Barcelona,"C/ de Diputació, 249",08007,Eixample
587,Fàbrica Moritz,Mediterranean,https://fabricamoritzbarcelona.com/,+34 934260050,https://www.google.com/maps/search/?api=1&query=F%C3%A0brica+Moritz+Ronda+de+Sant+Antoni%2C+39+Barcelona,"Ronda de Sant Antoni, 39",08011,Eixample
588,De Tapa Madre,Spanish,https://detapamadre.com/,+34 934594174,https://www.google.com/maps/search/?api=1&query=De+Tapa+Madre+C%2F+de+Mallorca%2C+301+Barcelona,"C/ de Mallorca, 301",08037,Eixample
589,Flash Flash Tortillería,Spanish,https://flashflashtortilleria.com/,+34 932373104,https://www.google.com/maps/search/?api=1&query=Flash+Flash+Tortiller%C3%ADa+C%2F+de+la+Granada+del+Pened%C3%A8s%2C+25+Barcelona,"C/ de la Granada del Penedès, 25",08006,Sarrià-Sant Gervasi
590,Taller de Tapas Argenteria,Spanish,https://tallerdetapas.com/,+34 932688559,https://www.google.com/maps/search/?api=1&query=Taller+de+Tapas+Argenteria+C%2F+de+l%27Argenteria%2C+51+Barcelona,"C/ de l'Argenteria, 51",08003,El Born
591,Restaurante 1881,Mediterranean,https://1881restaurant.com/,+34 932565207,https://www.google.com/maps/search/?api=1&query=Restaurante+1881+Pla%C3%A7a+de+Pau+Vila%2C+3+Barcelona,"Plaça de Pau Vila, 3",08003,Barceloneta
592,Café Godot,Mediterranean,,,https://www.google.com/maps/search/?api=1&query=Caf%C3%A9+Godot+C%2F+de+Sant+Dom%C3%A8nec%2C+19+Barcelona,"C/ de Sant Domènec, 19",08012,Gràcia
593,Chido One,Mexican,,,https://www.google.com/maps/search/?api=1&query=Chido+One+C%2F+de+Torrent+de+l%27Olla%2C+175+Barcelona,"C/ de Torrent de l'Olla, 175",08012,Gràcia
594,Himalaya,Indian,,,https://www.google.com/maps/search/?api=1&query=Himalaya+C%2F+de+Bruniquer%2C+40+Barcelona,"C/ de Bruniquer, 40",08024,Gràcia
595,El Passadís d'en Pep,Seafood,https://passadis.com/,+34 933101021,https://www.google.com/maps/search/?api=1&query=El+Passad%C3%ADs+d%27en+Pep+Pl.+del+Palau%2C+2+Barcelona,"Pl. del Palau, 2",08003,El Born
596,Tío Che,Spanish,https://eltioche.es/,+34 933 091 872,https://www.google.com/maps/search/?api=1&query=T%C3%ADo+Che+Rambla+del+Poblenou%2C+44+Barcelona,"Rambla del Poblenou, 44",08005,Poblenou
597,Le Cucine Mandarosso,Italian,,,https://www.google.com/maps/search/?api=1&query=Le+Cucine+Mandarosso+C%2F+de+Pujades%2C+50+Barcelona,"C/ de Pujades, 50",08005,Poblenou
598,Muns,Mediterranean,,,https://www.google.com/maps/search/?api=1&query=Muns+C%2F+de+Mari%C3%A0+Aguil%C3%B3%2C+90+Barcelona,"C/ de Marià Aguiló, 90",08005,Poblenou
599,Tasca Felipe,Spanish,,,https://www.google.com/maps/search/?api=1&query=Tasca+Felipe+C%2F+de+Sants%2C+120+Barcelona,"C/ de Sants, 120",08014,Sants
600,Rincón Gallego,Seafood,,,https://www.google.com/maps/search/?api=1&query=Rinc%C3%B3n+Gallego+C%2F+de+Sants%2C+80+Barcelona,"C/ de Sants, 80",08014,Sants
601,Cal Joan,Catalan,,,https://www.google.com/maps/search/?api=1&query=Cal+Joan+C%2F+de+la+Creu+Coberta%2C+90+Barcelona,"C/ de la Creu Coberta, 90",08014,Sants
602,Restaurante Candela,Spanish,,,https://www.google.com/maps/search/?api=1&query=Restaurante+Candela+C%2F+de+Sants%2C+140+Barcelona,"C/ de Sants, 140",08028,Sants
603,Cerveseria Catalana,Spanish,https://cerveceriacatalana.com/,+34 932160368,https://www.google.com/maps/search/?api=1&query=Cerveseria+Catalana+C%2F+de+Mallorca%2C+236+Barcelona,"C/ de Mallorca, 236",08008,Eixample
604,Bar Restaurant Nono,Spanish,,,https://www.google.com/maps/search/?api=1&query=Bar+Restaurant+Nono+C%2F+de+l%27Ind%C3%BAstria%2C+80+Barcelona,"C/ de l'Indústria, 80",08025,Sagrada Família
605,Maitea Nikkei,Japanese,,,https://www.google.com/maps/search/?api=1&query=Maitea+Nikkei+C%2F+de+Sardenya%2C+250+Barcelona,"C/ de Sardenya, 250",08013,Sagrada Família
606,Izakaya Sant Andreu,Japanese,,,https://www.google.com/maps/search/?api=1&query=Izakaya+Sant+Andreu+C%2F+Gran+de+Sant+Andreu%2C+110+Barcelona,"C/ Gran de Sant Andreu, 110",08030,Sant Andreu
607,V Modern Italian Sant Andreu,Italian,,,https://www.google.com/maps/search/?api=1&query=V+Modern+Italian+Sant+Andreu+C%2F+de+Neop%C3%A0tria%2C+50+Barcelona,"C/ de Neopàtria, 50",08030,Sant Andreu
608,Restaurante Pica-Pica,Other,,,https://www.google.com/maps/search/?api=1&query=Restaurante+Pica-Pica+C%2F+de+Viladrosa%2C+30+Barcelona,"C/ de Viladrosa, 30",08042,Nou Barris
609,Más Que México,Mexican,,,https://www.google.com/maps/search/?api=1&query=M%C3%A1s+Que+M%C3%A9xico+Pg.+de+Fabra+i+Puig%2C+230+Barcelona,"Pg. de Fabra i Puig, 230",08042,Nou Barris
610,El 23 Gastrobar,Spanish,,,https://www.google.com/maps/search/?api=1&query=El+23+Gastrobar+C%2F+de+Canyelles%2C+23+Barcelona,"C/ de Canyelles, 23",08042,Nou Barris
611,El Rebost d'en Xavi,Catalan,,,https://www.google.com/maps/search/?api=1&query=El+Rebost+d%27en+Xavi+Pg.+de+Fabra+i+Puig%2C+210+Barcelona,"Pg. de Fabra i Puig, 210",08042,Nou Barris
612,Buga Ramen Nou Barris,Japanese,,,https://www.google.com/maps/search/?api=1&query=Buga+Ramen+Nou+Barris+Pg.+de+Fabra+i+Puig%2C+240+Barcelona,"Pg. de Fabra i Puig, 240",08042,Nou Barris
613,El Malevo Asador,Argentine,,,https://www.google.com/maps/search/?api=1&query=El+Malevo+Asador+C%2F+de+Teide%2C+30+Barcelona,"C/ de Teide, 30",08042,Nou Barris
614,Can Xus Horta,Catalan,,,https://www.google.com/maps/search/?api=1&query=Can+Xus+Horta+C%2F+d%27Horta%2C+60+Barcelona,"C/ d'Horta, 60",08032,Horta-Guinardó
615,Dorotea Restaurant,Mediterranean,,,https://www.google.com/maps/search/?api=1&query=Dorotea+Restaurant+Pg.+de+la+Font+d%27en+Fargas%2C+20+Barcelona,"Pg. de la Font d'en Fargas, 20",08032,Horta-Guinardó
616,DVenus Restaurante,Mediterranean,,,https://www.google.com/maps/search/?api=1&query=DVenus+Restaurante+C%2F+del+Dante%2C+40+Barcelona,"C/ del Dante, 40",08032,Horta-Guinardó
617,Casa Julia 1978,Catalan,,,https://www.google.com/maps/search/?api=1&query=Casa+Julia+1978+C%2F+d%27Horta%2C+90+Barcelona,"C/ d'Horta, 90",08032,Horta-Guinardó
618,La Trobada Horta,Mediterranean,,,https://www.google.com/maps/search/?api=1&query=La+Trobada+Horta+C%2F+de+Campoamor%2C+30+Barcelona,"C/ de Campoamor, 30",08024,Horta-Guinardó
619,Flax & Kale Tallers,Vegetarian/Vegan,https://flaxandkale.com/,+34 933175664,https://www.google.com/maps/search/?api=1&query=Flax+%26+Kale+Tallers+C%2F+dels+Tallers%2C+74bis+Barcelona,"C/ dels Tallers, 74bis",08001,El Raval
620,Honest Greens Passeig de Gràcia,Vegetarian/Vegan,https://honestgreens.com/,+34 934878832,https://www.google.com/maps/search/?api=1&query=Honest+Greens+Passeig+de+Gr%C3%A0cia+Pg.+de+Gr%C3%A0cia%2C+32+Barcelona,"Pg. de Gràcia, 32",08007,Eixample
621,Federal Café Sant Antoni,Café,https://federalcafe.es/,+34 931873607,https://www.google.com/maps/search/?api=1&query=Federal+Caf%C3%A9+Sant+Antoni+C%2F+del+Parlament%2C+39+Barcelona,"C/ del Parlament, 39",08015,Sant Antoni
622,Nomad Coffee Lab & Shop,Café,https://nomadcoffee.es/,+34 931 783 922,https://www.google.com/maps/search/?api=1&query=Nomad+Coffee+Lab+%26+Shop+Pg.+de+Sant+Joan%2C+12+Barcelona,"Pg. de Sant Joan, 12",08010,Eixample
623,Pudding Eixample,Café,,,https://www.google.com/maps/search/?api=1&query=Pudding+Eixample+C%2F+de+Pau+Claris%2C+90+Barcelona,"C/ de Pau Claris, 90",08010,Eixample
624,Bacoa Born,Gastropub,https://bacoaburger.com/,+34 932689548,https://www.google.com/maps/search/?api=1&query=Bacoa+Born+C%2F+del+Bou+de+la+Pla%C3%A7a+Nova%2C+6+Barcelona,"C/ del Bou de la Plaça Nova, 6",08002,El Born
625,Bar Tomás,Spanish,https://eltomasdesarria.com/,+34 932031077,https://www.google.com/maps/search/?api=1&query=Bar+Tom%C3%A1s+C%2F+Major+de+Sarri%C3%A0%2C+49+Barcelona,"C/ Major de Sarrià, 49",08017,Sarrià-Sant Gervasi
626,Koska Taverna,Spanish,,,https://www.google.com/maps/search/?api=1&query=Koska+Taverna+C%2F+de+Blai%2C+8+Barcelona,"C/ de Blai, 8",08004,Poble Sec
627,Blai 9,Spanish,,,https://www.google.com/maps/search/?api=1&query=Blai+9+C%2F+de+Blai%2C+9+Barcelona,"C/ de Blai, 9",08004,Poble Sec
628,La Tasqueta de Blai,Spanish,,,https://www.google.com/maps/search/?api=1&query=La+Tasqueta+de+Blai+C%2F+de+Blai%2C+17+Barcelona,"C/ de Blai, 17",08004,Poble Sec
629,La Esquinita de Blai,Basque,,,https://www.google.com/maps/search/?api=1&query=La+Esquinita+de+Blai+C%2F+de+Blai%2C+16+Barcelona,"C/ de Blai, 16",08004,Poble Sec
630,Blai Tonight,Spanish,,,https://www.google.com/maps/search/?api=1&query=Blai+Tonight+C%2F+de+Blai%2C+23+Barcelona,"C/ de Blai, 23",08004,Poble Sec
631,Es Xibiu,Mediterranean,,,https://www.google.com/maps/search/?api=1&query=Es+Xibiu+C%2F+de+Blai%2C+48+Barcelona,"C/ de Blai, 48",08004,Poble Sec
632,Cañota,Seafood,,,https://www.google.com/maps/search/?api=1&query=Ca%C3%B1ota+C%2F+de+Lleida%2C+7+Barcelona,"C/ de Lleida, 7",08004,Poble Sec
633,Gran Bodega Saltó,Spanish,,,https://www.google.com/maps/search/?api=1&query=Gran+Bodega+Salt%C3%B3+C%2F+de+Blesa%2C+36+Barcelona,"C/ de Blesa, 36",08004,Poble Sec
634,Ikibana Paral·lel,Japanese,,,https://www.google.com/maps/search/?api=1&query=Ikibana+Paral%C2%B7lel+Av.+del+Paral%C2%B7lel%2C+148+Barcelona,"Av. del Paral·lel, 148",08015,Poble Sec
635,La Federica,Spanish,,,https://www.google.com/maps/search/?api=1&query=La+Federica+C%2F+de+Salv%C3%A0%2C+3+Barcelona,"C/ de Salvà, 3",08004,Poble Sec
636,Ramen Shifu Paral·lel,Japanese,,,https://www.google.com/maps/search/?api=1&query=Ramen+Shifu+Paral%C2%B7lel+Av.+del+Paral%C2%B7lel%2C+100+Barcelona,"Av. del Paral·lel, 100",08015,Poble Sec
637,Can Lampazas,Seafood,,,https://www.google.com/maps/search/?api=1&query=Can+Lampazas+Av.+del+Paral%C2%B7lel%2C+80+Barcelona,"Av. del Paral·lel, 80",08015,Poble Sec
638,Tapa Tapa,Spanish,https://tapataparestaurant.com/,+34 932924644,https://www.google.com/maps/search/?api=1&query=Tapa+Tapa+Pg.+de+Gr%C3%A0cia%2C+44+Barcelona,"Pg. de Gràcia, 44",08007,Eixample
639,Bar Bauma,Spanish,,,https://www.google.com/maps/search/?api=1&query=Bar+Bauma+C%2F+de+Roger+de+Ll%C3%BAria%2C+30+Barcelona,"C/ de Roger de Llúria, 30",08010,Eixample
640,Faire Tapas & Wine,Spanish,,,https://www.google.com/maps/search/?api=1&query=Faire+Tapas+%26+Wine+C%2F+de+Proven%C3%A7a%2C+250+Barcelona,"C/ de Provença, 250",08008,Eixample
641,SOLC Majestic,Catalan,,,https://www.google.com/maps/search/?api=1&query=SOLC+Majestic+Pg.+de+Gr%C3%A0cia%2C+68+Barcelona,"Pg. de Gràcia, 68",08007,Eixample
642,Restaurant Arume,Seafood,,,https://www.google.com/maps/search/?api=1&query=Restaurant+Arume+C%2F+de+Proven%C3%A7a%2C+180+Barcelona,"C/ de Provença, 180",08036,Eixample
643,Reñé,Catalan,,,https://www.google.com/maps/search/?api=1&query=Re%C3%B1%C3%A9+C%2F+de+Val%C3%A8ncia%2C+266+Barcelona,"C/ de València, 266",08007,Eixample
644,Casa Agustí,Catalan,,,https://www.google.com/maps/search/?api=1&query=Casa+Agust%C3%AD+C%2F+de+Bergara%2C+5+Barcelona,"C/ de Bergara, 5",08002,Eixample
645,Louro La Rambla,Seafood,,,https://www.google.com/maps/search/?api=1&query=Louro+La+Rambla+La+Rambla%2C+50+Barcelona,"La Rambla, 50",08002,El Raval
646,Julivert Meu,Catalan,,,https://www.google.com/maps/search/?api=1&query=Julivert+Meu+C%2F+del+Cardenal+Casa%C3%B1as%2C+2+Barcelona,"C/ del Cardenal Casañas, 2",08002,Barri Gòtic
647,La Taverneta Barcelona,Spanish,,,https://www.google.com/maps/search/?api=1&query=La+Taverneta+Barcelona+C%2F+dels+Lled%C3%B3%2C+5+Barcelona,"C/ dels Lledó, 5",08002,Barri Gòtic
648,Rambla Café,Catalan,,,https://www.google.com/maps/search/?api=1&query=Rambla+Caf%C3%A9+La+Rambla%2C+120+%28Palau+Moja%29+Barcelona,"La Rambla, 120 (Palau Moja)",08002,Barri Gòtic
649,Taperia Catalana,Spanish,,,https://www.google.com/maps/search/?api=1&query=Taperia+Catalana+Rambla+de+Catalunya%2C+50+Barcelona,"Rambla de Catalunya, 50",08007,Eixample
650,Luzia,Mediterranean,,,https://www.google.com/maps/search/?api=1&query=Luzia+La+Rambla%2C+80+Barcelona,"La Rambla, 80",08002,El Raval
651,Jai-Ca,Seafood,,+34 932685332,https://www.google.com/maps/search/?api=1&query=Jai-Ca+C%2F+de+Ginebra%2C+13+Barcelona,"C/ de Ginebra, 13",08003,Barceloneta
652,Masia del Tibidabo,Catalan,,,https://www.google.com/maps/search/?api=1&query=Masia+del+Tibidabo+Pl.+del+Tibidabo%2C+1+Barcelona,"Pl. del Tibidabo, 1",08035,Sarrià-Sant Gervasi
653,Bo de B El Raval,Spanish,https://bodeb.com/,+34 932681408,https://www.google.com/maps/search/?api=1&query=Bo+de+B+El+Raval+C%2F+de+la+Boqueria%2C+18+Barcelona,"C/ de la Boqueria, 18",08002,El Raval
654,Croq & Roll Croqueteria,Spanish,,,https://www.google.com/maps/search/?api=1&query=Croq+%26+Roll+Croqueteria+C%2F+de+Mozart%2C+20+Barcelona,"C/ de Mozart, 20",08012,Gràcia
655,Cafè Pagès,Spanish,,,https://www.google.com/maps/search/?api=1&query=Caf%C3%A8+Pag%C3%A8s+Pl.+de+la+Revoluci%C3%B3+de+1868%2C+3+Barcelona,"Pl. de la Revolució de 1868, 3",08012,Gràcia
656,Can Punyetes,Spanish,,,https://www.google.com/maps/search/?api=1&query=Can+Punyetes+Pl.+de+la+Revoluci%C3%B3+de+1868%2C+8+Barcelona,"Pl. de la Revolució de 1868, 8",08012,Gràcia
657,La Pepita Gràcia,Spanish,https://www.lapepita.com/,+34 932384893,https://www.google.com/maps/search/?api=1&query=La+Pepita+Gr%C3%A0cia+C%2F+de+C%C3%B2rsega%2C+343+Barcelona,"C/ de Còrsega, 343",08037,Gràcia
658,El Glop,Catalan,https://elglop.com/,+34 932137058,https://www.google.com/maps/search/?api=1&query=El+Glop+C%2F+de+Sant+Llu%C3%ADs%2C+24+Barcelona,"C/ de Sant Lluís, 24",08012,Gràcia
659,Botà,Mediterranean,,,https://www.google.com/maps/search/?api=1&query=Bot%C3%A0+C%2F+de+Torrent+de+l%27Olla%2C+70+Barcelona,"C/ de Torrent de l'Olla, 70",08012,Gràcia
660,El Quim de la Boqueria,Spanish,https://elquimdelaboqueria.com/,+34 933019810,https://www.google.com/maps/search/?api=1&query=El+Quim+de+la+Boqueria+La+Boqueria%2C+Parada+584+Barcelona,"La Boqueria, Parada 584",08001,El Raval
661,El Kiosko Universal,Seafood,,,https://www.google.com/maps/search/?api=1&query=El+Kiosko+Universal+La+Boqueria%2C+Parada+691+Barcelona,"La Boqueria, Parada 691",08001,El Raval
662,Can Lluis,Catalan,,,https://www.google.com/maps/search/?api=1&query=Can+Lluis+C%2F+de+la+Cera%2C+49+Barcelona,"C/ de la Cera, 49",08001,El Raval
663,CatBar,Vegetarian/Vegan,,,https://www.google.com/maps/search/?api=1&query=CatBar+C%2F+de+la+B%C3%B2ria%2C+17+Barcelona,"C/ de la Bòria, 17",08003,El Raval
664,Bar Ramón,Spanish,,,https://www.google.com/maps/search/?api=1&query=Bar+Ram%C3%B3n+C%2F+del+Comte+Borrell%2C+81+Barcelona,"C/ del Comte Borrell, 81",08015,Sant Antoni
665,Can Deu,Catalan,,,https://www.google.com/maps/search/?api=1&query=Can+Deu+Pl.+d%27Osca%2C+7+Barcelona,"Pl. d'Osca, 7",08015,Sant Antoni
666,Masia Can Cortes,Catalan,,,https://www.google.com/maps/search/?api=1&query=Masia+Can+Cortes+Travessera+de+les+Corts%2C+130+Barcelona,"Travessera de les Corts, 130",08028,Les Corts
667,Leku Les Corts,Basque,,,https://www.google.com/maps/search/?api=1&query=Leku+Les+Corts+C%2F+de+les+Corts%2C+40+Barcelona,"C/ de les Corts, 40",08028,Les Corts
668,Restaurant Baló,Mediterranean,,,https://www.google.com/maps/search/?api=1&query=Restaurant+Bal%C3%B3+Travessera+de+les+Corts%2C+110+Barcelona,"Travessera de les Corts, 110",08028,Les Corts
669,Origen 99.99%,Catalan,,,https://www.google.com/maps/search/?api=1&query=Origen+99.99%25+C%2F+de+la+Vidrieria%2C+6-8+Barcelona,"C/ de la Vidrieria, 6-8",08003,El Born
670,Picnic BCN,Café,,,https://www.google.com/maps/search/?api=1&query=Picnic+BCN+C%2F+del+Comer%C3%A7%2C+1+Barcelona,"C/ del Comerç, 1",08003,El Born
671,Rascal,Fusion,,,https://www.google.com/maps/search/?api=1&query=Rascal+C%2F+del+Joncar%2C+30+Barcelona,"C/ del Joncar, 30",08005,Poblenou
672,Barkada BCN Burgers,Gastropub,,,https://www.google.com/maps/search/?api=1&query=Barkada+BCN+Burgers+C%2F+de+Mari%C3%A0+Aguil%C3%B3%2C+50+Barcelona,"C/ de Marià Aguiló, 50",08005,Poblenou
673,Regina Brunch Coffee,Café,,,https://www.google.com/maps/search/?api=1&query=Regina+Brunch+Coffee+C%2F+de+Pujades%2C+120+Barcelona,"C/ de Pujades, 120",08005,Poblenou
674,La Piccolina Pizzeria,Italian,,,https://www.google.com/maps/search/?api=1&query=La+Piccolina+Pizzeria+C%2F+de+Mari%C3%A0+Aguil%C3%B3%2C+70+Barcelona,"C/ de Marià Aguiló, 70",08005,Poblenou
675,Restaurant Alkimia Next,Catalan,,,https://www.google.com/maps/search/?api=1&query=Restaurant+Alkimia+Next+C%2F+de+la+Ind%C3%BAstria%2C+85+Barcelona,"C/ de la Indústria, 85",08025,Sagrada Família
676,Bar Velódromo,Mediterranean,https://barvelodromo.com/,+34 934306022,https://www.google.com/maps/search/?api=1&query=Bar+Vel%C3%B3dromo+C%2F+de+Muntaner%2C+213+Barcelona,"C/ de Muntaner, 213",08036,Eixample
677,La Caseta del Migdia,Mediterranean,,,https://www.google.com/maps/search/?api=1&query=La+Caseta+del+Migdia+Mirador+del+Migdia%2C+Montju%C3%AFc+Barcelona,"Mirador del Migdia, Montjuïc",08038,Poble Sec
678,Mirablau,Mediterranean,https://mirablaubcn.com/,+34 934185879,https://www.google.com/maps/search/?api=1&query=Mirablau+Pl.+del+Doctor+Andreu%2C+s%2Fn+Barcelona,"Pl. del Doctor Andreu, s/n",08035,Sarrià-Sant Gervasi
679,100 Montaditos Raval,Spanish,,,https://www.google.com/maps/search/?api=1&query=100+Montaditos+Raval+La+Rambla%2C+60+Barcelona,"La Rambla, 60",08001,El Raval
680,Honest Greens Pedralbes,Vegetarian/Vegan,,,https://www.google.com/maps/search/?api=1&query=Honest+Greens+Pedralbes+Av.+Diagonal%2C+609+Barcelona,"Av. Diagonal, 609",08028,Les Corts
681,Arrosseria Xàtiva,Spanish,https://grupxativa.com/,+34 934195897,https://www.google.com/maps/search/?api=1&query=Arrosseria+X%C3%A0tiva+C%2F+de+Bordeus%2C+35+Barcelona,"C/ de Bordeus, 35",08029,Eixample
682,Cerveseria Dolina,Spanish,,,https://www.google.com/maps/search/?api=1&query=Cerveseria+Dolina+C%2F+de+Joaqu%C3%ADn+Costa%2C+44+Barcelona,"C/ de Joaquín Costa, 44",08001,El Raval
683,El Jabalí,Spanish,,,https://www.google.com/maps/search/?api=1&query=El+Jabal%C3%AD+C%2F+de+la+Cera%2C+30+Barcelona,"C/ de la Cera, 30",08001,El Raval
684,El Pacífico,Peruvian,,,https://www.google.com/maps/search/?api=1&query=El+Pac%C3%ADfico+C%2F+d%27en+Robador%2C+25+Barcelona,"C/ d'en Robador, 25",08001,El Raval
685,Restaurant 7 Portes,Catalan,https://7portes.com/,+34 933193033,https://www.google.com/maps/search/?api=1&query=Restaurant+7+Portes+Pg.+Isabel+II%2C+14+Barcelona,"Pg. Isabel II, 14",08003,El Born
686,La Carassa,Mediterranean,,,https://www.google.com/maps/search/?api=1&query=La+Carassa+C%2F+de+Grunyi%2C+1+Barcelona,"C/ de Grunyi, 1",08003,El Born
687,La Venta,Mediterranean,,,https://www.google.com/maps/search/?api=1&query=La+Venta+Pl.+del+Doctor+Andreu%2C+1+Barcelona,"Pl. del Doctor Andreu, 1",08035,Sarrià-Sant Gervasi
688,Bodega Bartolí,Catalan,,,https://www.google.com/maps/search/?api=1&query=Bodega+Bartol%C3%AD+C%2F+de+Sants%2C+160+Barcelona,"C/ de Sants, 160",08028,Sants
689,Terra d'Escudella,Catalan,,,https://www.google.com/maps/search/?api=1&query=Terra+d%27Escudella+C%2F+de+la+Creu+Coberta%2C+50+Barcelona,"C/ de la Creu Coberta, 50",08014,Sants
690,El Celler del Nou Priorat,Spanish,,,https://www.google.com/maps/search/?api=1&query=El+Celler+del+Nou+Priorat+C%2F+de+Sants%2C+90+Barcelona,"C/ de Sants, 90",08014,Sants
691,La Vicoca,Spanish,,,https://www.google.com/maps/search/?api=1&query=La+Vicoca+C%2F+de+la+Creu+Coberta%2C+70+Barcelona,"C/ de la Creu Coberta, 70",08014,Sants
692,Mula Bar,Mediterranean,,,https://www.google.com/maps/search/?api=1&query=Mula+Bar+C%2F+de+Sants%2C+110+Barcelona,"C/ de Sants, 110",08014,Sants
693,La Patatona,Spanish,,,https://www.google.com/maps/search/?api=1&query=La+Patatona+C%2F+de+Sants%2C+130+Barcelona,"C/ de Sants, 130",08014,Sants
694,Tapes d'Or,Spanish,,,https://www.google.com/maps/search/?api=1&query=Tapes+d%27Or+C%2F+de+Sants%2C+70+Barcelona,"C/ de Sants, 70",08014,Sants
695,La Jabata,Spanish,,,https://www.google.com/maps/search/?api=1&query=La+Jabata+C%2F+de+Sants%2C+95+Barcelona,"C/ de Sants, 95",08014,Sants
696,Doppietta Sants,Italian,,,https://www.google.com/maps/search/?api=1&query=Doppietta+Sants+C%2F+de+Joan+G%C3%BCell%2C+20+Barcelona,"C/ de Joan Güell, 20",08028,Sants
697,Asador de Aranda,Spanish,,,https://www.google.com/maps/search/?api=1&query=Asador+de+Aranda+Av.+del+Tibidabo%2C+31+Barcelona,"Av. del Tibidabo, 31",08022,Sarrià-Sant Gervasi
698,Gouthier,French,,,https://www.google.com/maps/search/?api=1&query=Gouthier+Pl.+Sant+Vicen%C3%A7%2C+2+Barcelona,"Pl. Sant Vicenç, 2",08017,Sarrià-Sant Gervasi
699,El Canalla Sarrià,Spanish,,,https://www.google.com/maps/search/?api=1&query=El+Canalla+Sarri%C3%A0+C%2F+Major+de+Sarri%C3%A0%2C+60+Barcelona,"C/ Major de Sarrià, 60",08017,Sarrià-Sant Gervasi
700,Santa Clara Pedralbes,Mediterranean,,,https://www.google.com/maps/search/?api=1&query=Santa+Clara+Pedralbes+Av.+de+Pedralbes%2C+10+Barcelona,"Av. de Pedralbes, 10",08034,Les Corts
701,Vinogrado,Mediterranean,,,https://www.google.com/maps/search/?api=1&query=Vinogrado+Av.+de+Pedralbes%2C+20+Barcelona,"Av. de Pedralbes, 20",08034,Les Corts
702,Crep Nova,French,,,https://www.google.com/maps/search/?api=1&query=Crep+Nova+Av.+de+Pedralbes%2C+15+Barcelona,"Av. de Pedralbes, 15",08034,Les Corts
703,Tritón,Mediterranean,,,https://www.google.com/maps/search/?api=1&query=Trit%C3%B3n+C%2F+dels+Comtes+de+Bell%C2%B7lloc%2C+50+Barcelona,"C/ dels Comtes de Bell·lloc, 50",08034,Les Corts
704,Barra Oso,Catalan,,,https://www.google.com/maps/search/?api=1&query=Barra+Oso+C%2F+de+Proven%C3%A7a%2C+280+Barcelona,"C/ de Provença, 280",08008,Eixample
705,Circolo Popolare,Italian,https://bigmammagroup.com/en/circolo-popolare-barcelona,+34 935185053,https://www.google.com/maps/search/?api=1&query=Circolo+Popolare+Pg.+de+Gr%C3%A0cia%2C+100+Barcelona,"Pg. de Gràcia, 100",08008,Eixample
706,Ippudo Barcelona,Japanese,,,https://www.google.com/maps/search/?api=1&query=Ippudo+Barcelona+C%2F+de+Proven%C3%A7a%2C+300+Barcelona,"C/ de Provença, 300",08008,Eixample
707,Annare' Pizzeria,Italian,,,https://www.google.com/maps/search/?api=1&query=Annare%27+Pizzeria+C%2F+de+Blai%2C+60+Barcelona,"C/ de Blai, 60",08004,Poble Sec
708,Tacos Guzmán,Mexican,,,https://www.google.com/maps/search/?api=1&query=Tacos+Guzm%C3%A1n+C%2F+de+Joaqu%C3%ADn+Costa%2C+30+Barcelona,"C/ de Joaquín Costa, 30",08001,El Raval
709,Rakkan Barcelona,Japanese,,,https://www.google.com/maps/search/?api=1&query=Rakkan+Barcelona+C%2F+de+Mallorca%2C+300+Barcelona,"C/ de Mallorca, 300",08037,Eixample
710,Taberna Nardi,Seafood,,,https://www.google.com/maps/search/?api=1&query=Taberna+Nardi+C%2F+d%27Arag%C3%B3%2C+350+Barcelona,"C/ d'Aragó, 350",08009,Eixample
711,Petit Bleu,French,,,https://www.google.com/maps/search/?api=1&query=Petit+Bleu+C%2F+d%27Enric+Granados%2C+50+Barcelona,"C/ d'Enric Granados, 50",08008,Eixample
712,Bar Patata,Spanish,,,https://www.google.com/maps/search/?api=1&query=Bar+Patata+C%2F+dels+Flassaders%2C+10+Barcelona,"C/ dels Flassaders, 10",08003,El Born
713,Manta Nikkei,Peruvian,,,https://www.google.com/maps/search/?api=1&query=Manta+Nikkei+C%2F+de+Mallorca%2C+280+Barcelona,"C/ de Mallorca, 280",08037,Eixample
714,Volta Barcelona,Mediterranean,,,https://www.google.com/maps/search/?api=1&query=Volta+Barcelona+C%2F+d%27Ample%2C+30+Barcelona,"C/ d'Ample, 30",08002,El Born
715,Can Bo,Spanish,,,https://www.google.com/maps/search/?api=1&query=Can+Bo+C%2F+de+Diputaci%C3%B3%2C+260+Barcelona,"C/ de Diputació, 260",08007,Eixample
716,Erre Barcelona,Basque,,,https://www.google.com/maps/search/?api=1&query=Erre+Barcelona+C%2F+de+la+Diputaci%C3%B3%2C+250+Barcelona,"C/ de la Diputació, 250",08007,Eixample
717,Leña Barcelona,Spanish,,,https://www.google.com/maps/search/?api=1&query=Le%C3%B1a+Barcelona+C%2F+de+Pau+Claris%2C+160+Barcelona,"C/ de Pau Claris, 160",08037,Eixample
718,Zero Patatero,Mediterranean,,,https://www.google.com/maps/search/?api=1&query=Zero+Patatero+C%2F+d%27Enric+Granados%2C+60+Barcelona,"C/ d'Enric Granados, 60",08008,Eixample
719,Jok Barcelona,Mediterranean,,,https://www.google.com/maps/search/?api=1&query=Jok+Barcelona+C%2F+de+Val%C3%A8ncia%2C+300+Barcelona,"C/ de València, 300",08009,Eixample
720,Tamae BAR,Japanese,,,https://www.google.com/maps/search/?api=1&query=Tamae+BAR+C%2F+del+Rossell%C3%B3%2C+300+Barcelona,"C/ del Rosselló, 300",08025,Eixample
721,Batea Barcelona,Seafood,,,https://www.google.com/maps/search/?api=1&query=Batea+Barcelona+C%2F+de+Proven%C3%A7a%2C+220+Barcelona,"C/ de Provença, 220",08036,Eixample
722,Finca Nebot,Catalan,,,https://www.google.com/maps/search/?api=1&query=Finca+Nebot+C%2F+de+Pujades%2C+200+Barcelona,"C/ de Pujades, 200",08005,Poblenou
723,Bornès,Catalan,,,https://www.google.com/maps/search/?api=1&query=Born%C3%A8s+C%2F+de+la+Princesa%2C+20+Barcelona,"C/ de la Princesa, 20",08003,El Born
724,Bottega Bernacca,Italian,,,https://www.google.com/maps/search/?api=1&query=Bottega+Bernacca+C%2F+de+Bonavista%2C+20+Barcelona,"C/ de Bonavista, 20",08012,Gràcia
725,El Glop Gaudí,Spanish,https://elglop.com/,,https://www.google.com/maps/search/?api=1&query=El+Glop+Gaud%C3%AD+C%2F+de+Sardenya%2C+200+Barcelona,"C/ de Sardenya, 200",08013,Sagrada Família
726,Superauto,Fusion,,,https://www.google.com/maps/search/?api=1&query=Superauto+C%2F+de+Villadomat%2C+100+Barcelona,"C/ de Villadomat, 100",08015,Eixample
727,Kome Deli,Japanese,,,https://www.google.com/maps/search/?api=1&query=Kome+Deli+C%2F+d%27Aribau%2C+80+Barcelona,"C/ d'Aribau, 80",08036,Eixample
728,Ultrapaninos Marin,Italian,,,https://www.google.com/maps/search/?api=1&query=Ultrapaninos+Marin+C%2F+de+Proven%C3%A7a%2C+310+Barcelona,"C/ de Provença, 310",08037,Eixample
729,Fukamurabcn,Japanese,,,https://www.google.com/maps/search/?api=1&query=Fukamurabcn+C%2F+de+Mallorca%2C+290+Barcelona,"C/ de Mallorca, 290",08037,Eixample
730,L'Italiano Perso,Italian,,,https://www.google.com/maps/search/?api=1&query=L%27Italiano+Perso+C%2F+de+Saragossa%2C+30+Barcelona,"C/ de Saragossa, 30",08006,Gràcia
731,Thai Noodles Gràcia,Asian,,,https://www.google.com/maps/search/?api=1&query=Thai+Noodles+Gr%C3%A0cia+C%2F+de+Torrent+de+l%27Olla%2C+150+Barcelona,"C/ de Torrent de l'Olla, 150",08012,Gràcia
732,Restaurant Emocionar,Mediterranean,,,https://www.google.com/maps/search/?api=1&query=Restaurant+Emocionar+C%2F+de+la+Mare+de+D%C3%A9u+dels+Desemparats%2C+10+Barcelona,"C/ de la Mare de Déu dels Desemparats, 10",08012,Gràcia
733,Tres Torres Restaurant,Spanish,,,https://www.google.com/maps/search/?api=1&query=Tres+Torres+Restaurant+C%2F+de+Calatrava%2C+22+Barcelona,"C/ de Calatrava, 22",08017,Sarrià-Sant Gervasi
734,Masa Vins,Fusion,,,https://www.google.com/maps/search/?api=1&query=Masa+Vins+C%2F+de+Mallorca%2C+550+Barcelona,"C/ de Mallorca, 550",08026,Clot
735,Juno Café By Cal Blay,Café,,,https://www.google.com/maps/search/?api=1&query=Juno+Caf%C3%A9+By+Cal+Blay+C%2F+de+Rogent%2C+30+Barcelona,"C/ de Rogent, 30",08026,Clot
736,La Isla Brunch Club,Café,,,https://www.google.com/maps/search/?api=1&query=La+Isla+Brunch+Club+C%2F+del+Clot%2C+200+Barcelona,"C/ del Clot, 200",08018,Clot
737,L'Empanat,Spanish,,,https://www.google.com/maps/search/?api=1&query=L%27Empanat+C%2F+de+Neop%C3%A0tria%2C+60+Barcelona,"C/ de Neopàtria, 60",08030,Sant Andreu
738,L'Arrossat de l'Empanat,Seafood,,,https://www.google.com/maps/search/?api=1&query=L%27Arrossat+de+l%27Empanat+C%2F+de+Neop%C3%A0tria%2C+65+Barcelona,"C/ de Neopàtria, 65",08030,Sant Andreu
739,Il Duomo & La Mole,Italian,,,https://www.google.com/maps/search/?api=1&query=Il+Duomo+%26+La+Mole+C%2F+Gran+de+Sant+Andreu%2C+70+Barcelona,"C/ Gran de Sant Andreu, 70",08030,Sant Andreu
740,El Lagar Sant Andreu,Spanish,,,https://www.google.com/maps/search/?api=1&query=El+Lagar+Sant+Andreu+C%2F+Gran+de+Sant+Andreu%2C+50+Barcelona,"C/ Gran de Sant Andreu, 50",08030,Sant Andreu
741,Taco'n Madre,Mexican,,,https://www.google.com/maps/search/?api=1&query=Taco%27n+Madre+C%2F+de+Joan+Torras%2C+90+Barcelona,"C/ de Joan Torras, 90",08030,Sant Andreu
742,Txapeldun Fabra i Puig,Basque,,,https://www.google.com/maps/search/?api=1&query=Txapeldun+Fabra+i+Puig+Pg.+de+Fabra+i+Puig%2C+260+Barcelona,"Pg. de Fabra i Puig, 260",08042,Nou Barris
743,La Columna Nou Barris,Mediterranean,,,https://www.google.com/maps/search/?api=1&query=La+Columna+Nou+Barris+Pg.+de+Fabra+i+Puig%2C+205+Barcelona,"Pg. de Fabra i Puig, 205",08042,Nou Barris
744,Restaurante Casa Castro,Spanish,,,https://www.google.com/maps/search/?api=1&query=Restaurante+Casa+Castro+C%2F+del+Tur%C3%B3+de+la+Peira%2C+20+Barcelona,"C/ del Turó de la Peira, 20",08042,Nou Barris
745,L'antic Mediterrani,Mediterranean,,,https://www.google.com/maps/search/?api=1&query=L%27antic+Mediterrani+C%2F+de+Viladrosa%2C+40+Barcelona,"C/ de Viladrosa, 40",08042,Nou Barris
746,L'Arrosseria Xàtiva Horta,Spanish,https://grupxativa.com/,,https://www.google.com/maps/search/?api=1&query=L%27Arrosseria+X%C3%A0tiva+Horta+C%2F+de+Campoamor%2C+50+Barcelona,"C/ de Campoamor, 50",08024,Horta-Guinardó
747,Sospechoso Bar Horta,Spanish,,,https://www.google.com/maps/search/?api=1&query=Sospechoso+Bar+Horta+C%2F+del+Dante%2C+25+Barcelona,"C/ del Dante, 25",08032,Horta-Guinardó
748,Restaurante Brasas Vega's,Spanish,,,https://www.google.com/maps/search/?api=1&query=Restaurante+Brasas+Vega%27s+C%2F+de+Jorge+Manrique%2C+15+Barcelona,"C/ de Jorge Manrique, 15",08035,Horta-Guinardó
749,Marisquería A Estrela Galega,Seafood,,,https://www.google.com/maps/search/?api=1&query=Marisquer%C3%ADa+A+Estrela+Galega+C%2F+del+Tajo%2C+30+Barcelona,"C/ del Tajo, 30",08032,Horta-Guinardó
750,Restaurante SICHUAN,Chinese,,,https://www.google.com/maps/search/?api=1&query=Restaurante+SICHUAN+C%2F+del+Dante%2C+50+Barcelona,"C/ del Dante, 50",08032,Horta-Guinardó
751,L'art de la Pinsa,Italian,,,https://www.google.com/maps/search/?api=1&query=L%27art+de+la+Pinsa+C%2F+d%27Horta%2C+45+Barcelona,"C/ d'Horta, 45",08032,Horta-Guinardó
752,El Velódromo,Spanish,https://barvelodromo.com/,+34 934306022,https://www.google.com/maps/search/?api=1&query=El+Vel%C3%B3dromo+C%2F+de+Muntaner%2C+213+Barcelona,"C/ de Muntaner, 213",08036,Eixample
753,Cala del Vermut,Catalan,,,https://www.google.com/maps/search/?api=1&query=Cala+del+Vermut+C%2F+de+l%27Arc+de+Sant+Ramon+del+Call%2C+5+Barcelona,"C/ de l'Arc de Sant Ramon del Call, 5",08002,Barri Gòtic
754,365 Bakery,Café,,,https://www.google.com/maps/search/?api=1&query=365+Bakery+C%2F+de+Balmes%2C+130+Barcelona,"C/ de Balmes, 130",08008,Eixample
755,Tast Gastro Bar,Spanish,,,https://www.google.com/maps/search/?api=1&query=Tast+Gastro+Bar+C%2F+del+Poeta+Cabanyes%2C+30+Barcelona,"C/ del Poeta Cabanyes, 30",08004,Poble Sec
756,El Rincón del Cava,Spanish,,,https://www.google.com/maps/search/?api=1&query=El+Rinc%C3%B3n+del+Cava+C%2F+de+Margarit%2C+15+Barcelona,"C/ de Margarit, 15",08004,Poble Sec
757,Café Labath,Café,,,https://www.google.com/maps/search/?api=1&query=Caf%C3%A9+Labath+C%2F+de+Pujades%2C+150+Barcelona,"C/ de Pujades, 150",08005,Poblenou
758,New Lio,Café,,,https://www.google.com/maps/search/?api=1&query=New+Lio+C%2F+de+Mari%C3%A0+Aguil%C3%B3%2C+80+Barcelona,"C/ de Marià Aguiló, 80",08005,Poblenou
759,Moku Healthy,Vegetarian/Vegan,,,https://www.google.com/maps/search/?api=1&query=Moku+Healthy+C%2F+de+Pujades%2C+130+Barcelona,"C/ de Pujades, 130",08005,Poblenou
760,Sip Coffee Raval,Café,,,https://www.google.com/maps/search/?api=1&query=Sip+Coffee+Raval+C%2F+d%27Elisabets%2C+15+Barcelona,"C/ d'Elisabets, 15",08001,El Raval
761,Fresquito,Spanish,,,https://www.google.com/maps/search/?api=1&query=Fresquito+C%2F+de+la+Cera%2C+20+Barcelona,"C/ de la Cera, 20",08001,El Raval
762,Empanada Barcelona,Argentine,,,https://www.google.com/maps/search/?api=1&query=Empanada+Barcelona+C%2F+de+la+Boqueria%2C+10+Barcelona,"C/ de la Boqueria, 10",08001,El Raval
763,La Mundana Sant Antoni,Mediterranean,,,https://www.google.com/maps/search/?api=1&query=La+Mundana+Sant+Antoni+C%2F+del+Parlament%2C+60+Barcelona,"C/ del Parlament, 60",08015,Sant Antoni
764,Puro Barcelona,Mediterranean,,,https://www.google.com/maps/search/?api=1&query=Puro+Barcelona+C%2F+del+Parlament%2C+50+Barcelona,"C/ del Parlament, 50",08015,Sant Antoni
765,Betlem Miscellánia,Mediterranean,,,https://www.google.com/maps/search/?api=1&query=Betlem+Miscell%C3%A1nia+C%2F+de+Girona%2C+70+Barcelona,"C/ de Girona, 70",08009,Eixample
766,Bar Remedios,Spanish,,,https://www.google.com/maps/search/?api=1&query=Bar+Remedios+C%2F+de+Muntaner%2C+212+Barcelona,"C/ de Muntaner, 212",08036,Eixample
767,Bar Alegría,Spanish,,,https://www.google.com/maps/search/?api=1&query=Bar+Alegr%C3%ADa+C%2F+del+Comte+Borrell%2C+133+Barcelona,"C/ del Comte Borrell, 133",08015,Eixample
768,Bar Eixample,Italian,https://bareixample.com/,,https://www.google.com/maps/search/?api=1&query=Bar+Eixample+C%2F+del+Rossell%C3%B3%2C+190+Barcelona,"C/ del Rosselló, 190",08036,Eixample
769,Bar Malasang,Spanish,,,https://www.google.com/maps/search/?api=1&query=Bar+Malasang+C%2F+del+Comte+Borrell%2C+148+Barcelona,"C/ del Comte Borrell, 148",08015,Eixample
770,Bar Morryssom,Spanish,,,https://www.google.com/maps/search/?api=1&query=Bar+Morryssom+C%2F+de+Casanova%2C+100+Barcelona,"C/ de Casanova, 100",08036,Eixample
771,Tri Bite,Mediterranean,,,https://www.google.com/maps/search/?api=1&query=Tri+Bite+C%2F+del+Consell+de+Cent%2C+313+Barcelona,"C/ del Consell de Cent, 313",08007,Eixample
772,Il Ritrovo Itali,Italian,,,https://www.google.com/maps/search/?api=1&query=Il+Ritrovo+Itali+C%2F+de+Roger+de+Flor%2C+134+Barcelona,"C/ de Roger de Flor, 134",08013,Eixample
773,Bar del Pi,Spanish,,,https://www.google.com/maps/search/?api=1&query=Bar+del+Pi+Pl.+de+Sant+Josep+Oriol%2C+1+Barcelona,"Pl. de Sant Josep Oriol, 1",08002,Barri Gòtic
774,Le Bistro Sensi,Fusion,https://sensibistro.com/,+34 933199854,https://www.google.com/maps/search/?api=1&query=Le+Bistro+Sensi+C%2F+dels+Lled%C3%B3%2C+8+Barcelona,"C/ dels Lledó, 8",08002,Barri Gòtic
775,Brugarol,Japanese,,,https://www.google.com/maps/search/?api=1&query=Brugarol+C%2F+de+l%27Argenteria%2C+55+Barcelona,"C/ de l'Argenteria, 55",08003,Barri Gòtic
776,Petit Tapas,Spanish,,,https://www.google.com/maps/search/?api=1&query=Petit+Tapas+C%2F+d%27Aviny%C3%B3%2C+30+Barcelona,"C/ d'Avinyó, 30",08002,Barri Gòtic
777,Bar Celta Pulpería,Seafood,,,https://www.google.com/maps/search/?api=1&query=Bar+Celta+Pulper%C3%ADa+C%2F+de+la+Merc%C3%A8%2C+16+Barcelona,"C/ de la Mercè, 16",08002,Barri Gòtic
778,Quillo Bar,Spanish,,,https://www.google.com/maps/search/?api=1&query=Quillo+Bar+C%2F+dels+Semoleres%2C+5+Barcelona,"C/ dels Semoleres, 5",08003,El Born
779,Ten's Tapas,Spanish,,,https://www.google.com/maps/search/?api=1&query=Ten%27s+Tapas+C%2F+dels+Sombrerers%2C+10+Barcelona,"C/ dels Sombrerers, 10",08003,El Born
780,Euskal Etxea Taberna,Basque,,,https://www.google.com/maps/search/?api=1&query=Euskal+Etxea+Taberna+Pl.+de+Montcada%2C+1-3+Barcelona,"Pl. de Montcada, 1-3",08003,El Born
781,Cuines Santa Caterina,Mediterranean,https://grupotragaluz.com/restaurantes/cuines-santa-caterina/,+34 932689918,https://www.google.com/maps/search/?api=1&query=Cuines+Santa+Caterina+Av.+de+Francesc+Camb%C3%B3%2C+16+Barcelona,"Av. de Francesc Cambó, 16",08003,El Born
782,RAÓ,Catalan,,,https://www.google.com/maps/search/?api=1&query=RA%C3%93+C%2F+dels+Tallers%2C+80+Barcelona,"C/ dels Tallers, 80",08001,El Raval
783,Anardi,Basque,,,https://www.google.com/maps/search/?api=1&query=Anardi+C%2F+de+Joaqu%C3%ADn+Costa%2C+50+Barcelona,"C/ de Joaquín Costa, 50",08001,El Raval
784,Superclàssic,Mediterranean,,,https://www.google.com/maps/search/?api=1&query=Supercl%C3%A0ssic+C%2F+de+Joaqu%C3%ADn+Costa%2C+55+Barcelona,"C/ de Joaquín Costa, 55",08001,El Raval
785,Bellvitja,Catalan,,,https://www.google.com/maps/search/?api=1&query=Bellvitja+C%2F+de+la+Cera%2C+40+Barcelona,"C/ de la Cera, 40",08001,El Raval
786,Mimi Tapas,Mediterranean,,,https://www.google.com/maps/search/?api=1&query=Mimi+Tapas+C%2F+d%27Elisabets%2C+20+Barcelona,"C/ d'Elisabets, 20",08001,El Raval
787,Bodega d'en Rubén,Spanish,,,https://www.google.com/maps/search/?api=1&query=Bodega+d%27en+Rub%C3%A9n+C%2F+de+les+Flors%2C+20+Barcelona,"C/ de les Flors, 20",08001,El Raval
788,Bianco Noir,Fusion,,,https://www.google.com/maps/search/?api=1&query=Bianco+Noir+C%2F+dels+Tallers%2C+60+Barcelona,"C/ dels Tallers, 60",08001,El Raval
789,Bar Atlanta,Spanish,,,https://www.google.com/maps/search/?api=1&query=Bar+Atlanta+C%2F+de+la+Riereta%2C+20+Barcelona,"C/ de la Riereta, 20",08001,El Raval
790,La Morera,Spanish,,,https://www.google.com/maps/search/?api=1&query=La+Morera+C%2F+del+Carme%2C+40+Barcelona,"C/ del Carme, 40",08001,El Raval
791,La Ravala,Spanish,,,https://www.google.com/maps/search/?api=1&query=La+Ravala+C%2F+de+la+Cera%2C+25+Barcelona,"C/ de la Cera, 25",08001,El Raval
792,Mendizábal,Spanish,,,https://www.google.com/maps/search/?api=1&query=Mendiz%C3%A1bal+C%2F+d%27en+Robador%2C+30+Barcelona,"C/ d'en Robador, 30",08001,El Raval
793,Bar Marsella,Spanish,,+34 934427263,https://www.google.com/maps/search/?api=1&query=Bar+Marsella+C%2F+de+Sant+Pau%2C+65+Barcelona,"C/ de Sant Pau, 65",08001,El Raval
794,Biocenter,Vegetarian/Vegan,,,https://www.google.com/maps/search/?api=1&query=Biocenter+C%2F+del+Pintor+Fortuny%2C+25+Barcelona,"C/ del Pintor Fortuny, 25",08001,El Raval
795,O Carballiño Blai,Spanish,,,https://www.google.com/maps/search/?api=1&query=O+Carballi%C3%B1o+Blai+C%2F+de+Blai%2C+30+Barcelona,"C/ de Blai, 30",08004,Poble Sec
796,Pincho J.,Spanish,,,https://www.google.com/maps/search/?api=1&query=Pincho+J.+C%2F+de+Blai%2C+35+Barcelona,"C/ de Blai, 35",08004,Poble Sec
797,L'Atelier de Blai,Spanish,,,https://www.google.com/maps/search/?api=1&query=L%27Atelier+de+Blai+C%2F+de+Blai%2C+40+Barcelona,"C/ de Blai, 40",08004,Poble Sec
798,Blai Tapas Bar,Spanish,,,https://www.google.com/maps/search/?api=1&query=Blai+Tapas+Bar+C%2F+de+Blai%2C+12+Barcelona,"C/ de Blai, 12",08004,Poble Sec
799,Restaurant La Salut,Mediterranean,https://lasalutrestaurant.com/,,https://www.google.com/maps/search/?api=1&query=Restaurant+La+Salut+C%2F+de+la+Mare+de+D%C3%A9u+de+la+Salut%2C+10+Barcelona,"C/ de la Mare de Déu de la Salut, 10",08024,Gràcia
800,Salut! Bistro,Mediterranean,https://salutbistro.es/,,https://www.google.com/maps/search/?api=1&query=Salut%21+Bistro+C%2F+de+Torrent+de+l%27Olla%2C+160+Barcelona,"C/ de Torrent de l'Olla, 160",08012,Gràcia
801,Corgi Café,Café,https://corgicafe.es/,,https://www.google.com/maps/search/?api=1&query=Corgi+Caf%C3%A9+C%2F+de+Verdi%2C+40+Barcelona,"C/ de Verdi, 40",08012,Gràcia
802,Can Manel la Puda,Seafood,,+34 932215013,https://www.google.com/maps/search/?api=1&query=Can+Manel+la+Puda+Pg.+de+Joan+de+Borb%C3%B3%2C+60-61+Barcelona,"Pg. de Joan de Borbó, 60-61",08003,Barceloneta
803,Bodega 1900,Spanish,,+34 932175904,https://www.google.com/maps/search/?api=1&query=Bodega+1900+C%2F+de+Tamarit%2C+91+Barcelona,"C/ de Tamarit, 91",08015,Barceloneta
804,El Guinardó,Spanish,,,https://www.google.com/maps/search/?api=1&query=El+Guinard%C3%B3+C%2F+de+Ginebra%2C+15+Barcelona,"C/ de Ginebra, 15",08003,Barceloneta
805,Habana Vieja,Cuban,,,https://www.google.com/maps/search/?api=1&query=Habana+Vieja+C%2F+de+Mari%C3%A0+Aguil%C3%B3%2C+100+Barcelona,"C/ de Marià Aguiló, 100",08005,Poblenou
806,La Vermutería del Poblenou,Spanish,,,https://www.google.com/maps/search/?api=1&query=La+Vermuter%C3%ADa+del+Poblenou+Rambla+del+Poblenou%2C+80+Barcelona,"Rambla del Poblenou, 80",08005,Poblenou
807,La Esquina,Spanish,,,https://www.google.com/maps/search/?api=1&query=La+Esquina+C%2F+del+Parlament%2C+40+Barcelona,"C/ del Parlament, 40",08015,Sant Antoni
808,Rooftop Smoke Bar,Gastropub,,,https://www.google.com/maps/search/?api=1&query=Rooftop+Smoke+Bar+C%2F+del+Comte+Borrell%2C+50+Barcelona,"C/ del Comte Borrell, 50",08015,Sant Antoni
809,Cervecería Jazz,Spanish,,,https://www.google.com/maps/search/?api=1&query=Cervecer%C3%ADa+Jazz+C%2F+de+Manso%2C+40+Barcelona,"C/ de Manso, 40",08015,Sant Antoni
810,Osmosis Restaurant,Mediterranean,,,https://www.google.com/maps/search/?api=1&query=Osmosis+Restaurant+C%2F+d%27Aribau%2C+100+Barcelona,"C/ d'Aribau, 100",08036,Sagrada Família
811,Mesón del Café,Café,,,https://www.google.com/maps/search/?api=1&query=Mes%C3%B3n+del+Caf%C3%A9+C%2F+de+la+Marina%2C+150+Barcelona,"C/ de la Marina, 150",08013,Sagrada Família
812,Casa Delfín,Catalan,https://casadelfin.com/,+34 933195088,https://www.google.com/maps/search/?api=1&query=Casa+Delf%C3%ADn+Pg.+del+Born%2C+36+Barcelona,"Pg. del Born, 36",08003,Sagrada Família
813,Restaurante Badal,Spanish,,,https://www.google.com/maps/search/?api=1&query=Restaurante+Badal+C%2F+de+Badal%2C+50+Barcelona,"C/ de Badal, 50",08014,Sants
814,Marisquería La Estrella,Seafood,,,https://www.google.com/maps/search/?api=1&query=Marisquer%C3%ADa+La+Estrella+C%2F+de+Joan+G%C3%BCell%2C+30+Barcelona,"C/ de Joan Güell, 30",08028,Sants
815,Piazza Navona,Italian,,,https://www.google.com/maps/search/?api=1&query=Piazza+Navona+C%2F+de+Sants%2C+180+Barcelona,"C/ de Sants, 180",08028,Sants
816,El Rinconcillo de Sants,Spanish,,,https://www.google.com/maps/search/?api=1&query=El+Rinconcillo+de+Sants+C%2F+de+Sants%2C+150+Barcelona,"C/ de Sants, 150",08028,Sants
817,La Cuina del Clot,Catalan,,,https://www.google.com/maps/search/?api=1&query=La+Cuina+del+Clot+C%2F+del+Clot%2C+145+Barcelona,"C/ del Clot, 145",08018,Clot
818,Restaurant Sa Brasa,Mediterranean,,,https://www.google.com/maps/search/?api=1&query=Restaurant+Sa+Brasa+C%2F+de+Rogent%2C+50+Barcelona,"C/ de Rogent, 50",08026,Clot
819,Caballito de Mar Clot,Seafood,,,https://www.google.com/maps/search/?api=1&query=Caballito+de+Mar+Clot+C%2F+de+Mallorca%2C+560+Barcelona,"C/ de Mallorca, 560",08026,Clot
820,La Cuina de l'Andreuenc,Catalan,,,https://www.google.com/maps/search/?api=1&query=La+Cuina+de+l%27Andreuenc+C%2F+Gran+de+Sant+Andreu%2C+120+Barcelona,"C/ Gran de Sant Andreu, 120",08030,Sant Andreu
821,Restaurante Paco,Spanish,,,https://www.google.com/maps/search/?api=1&query=Restaurante+Paco+C%2F+Joan+Torras%2C+100+Barcelona,"C/ Joan Torras, 100",08030,Sant Andreu
822,El Mesón de la Muela,Spanish,,,https://www.google.com/maps/search/?api=1&query=El+Mes%C3%B3n+de+la+Muela+C%2F+de+l%27Arxiu%2C+10+Barcelona,"C/ de l'Arxiu, 10",08030,Sant Andreu
823,Restaurante Can Ros,Catalan,,,https://www.google.com/maps/search/?api=1&query=Restaurante+Can+Ros+Pg.+de+Fabra+i+Puig%2C+215+Barcelona,"Pg. de Fabra i Puig, 215",08042,Nou Barris
824,El Fogón de Roquetas,Spanish,,,https://www.google.com/maps/search/?api=1&query=El+Fog%C3%B3n+de+Roquetas+C%2F+de+Canyelles%2C+40+Barcelona,"C/ de Canyelles, 40",08042,Nou Barris
825,Bar El Padrino,Spanish,,,https://www.google.com/maps/search/?api=1&query=Bar+El+Padrino+C%2F+del+Tur%C3%B3+de+la+Peira%2C+30+Barcelona,"C/ del Turó de la Peira, 30",08042,Nou Barris
826,Restaurante Xavi,Spanish,,,https://www.google.com/maps/search/?api=1&query=Restaurante+Xavi+Pg.+de+Fabra+i+Puig%2C+225+Barcelona,"Pg. de Fabra i Puig, 225",08042,Nou Barris
827,El Rincón del Guinardó,Spanish,,,https://www.google.com/maps/search/?api=1&query=El+Rinc%C3%B3n+del+Guinard%C3%B3+C%2F+de+M%C3%BChlberg%2C+30+Barcelona,"C/ de Mühlberg, 30",08024,Horta-Guinardó
828,Restaurante El Portal,Mediterranean,,,https://www.google.com/maps/search/?api=1&query=Restaurante+El+Portal+C%2F+de+Campoamor%2C+40+Barcelona,"C/ de Campoamor, 40",08024,Horta-Guinardó
829,Acontraluz,Mediterranean,https://acontraluz.es/,+34 932030658,https://www.google.com/maps/search/?api=1&query=Acontraluz+C%2F+del+Milanesat%2C+19+Barcelona,"C/ del Milanesat, 19",08017,Les Corts
830,Sumo Sushi,Japanese,,,https://www.google.com/maps/search/?api=1&query=Sumo+Sushi+C%2F+de+Villarroel%2C+130+Barcelona,"C/ de Villarroel, 130",08036,Eixample
831,Wok to Walk,Asian,,,https://www.google.com/maps/search/?api=1&query=Wok+to+Walk+C%2F+de+Pelai%2C+30+Barcelona,"C/ de Pelai, 30",08001,Eixample
832,Udon,Japanese,,,https://www.google.com/maps/search/?api=1&query=Udon+C%2F+de+Pelai%2C+50+Barcelona,"C/ de Pelai, 50",08001,Eixample
833,Lateral,Spanish,,,https://www.google.com/maps/search/?api=1&query=Lateral+Pg.+de+Gr%C3%A0cia%2C+120+Barcelona,"Pg. de Gràcia, 120",08008,Eixample
834,BoBó Barcelona,Fusion,,,https://www.google.com/maps/search/?api=1&query=BoB%C3%B3+Barcelona+C%2F+de+Roger+de+Ll%C3%BAria%2C+80+Barcelona,"C/ de Roger de Llúria, 80",08009,Eixample
835,Distinto,Spanish,,,https://www.google.com/maps/search/?api=1&query=Distinto+Rambla+de+Catalunya%2C+60+Barcelona,"Rambla de Catalunya, 60",08007,Eixample
836,Crusto Barcelona,Italian,,,https://www.google.com/maps/search/?api=1&query=Crusto+Barcelona+C%2F+d%27Enric+Granados%2C+30+Barcelona,"C/ d'Enric Granados, 30",08008,Eixample
837,Brunch & Cake,Café,https://brunchandcake.com/,+34 932063311,https://www.google.com/maps/search/?api=1&query=Brunch+%26+Cake+C%2F+d%27Enric+Granados%2C+19+Barcelona,"C/ d'Enric Granados, 19",08007,Eixample
838,Alsur Café Eixample,Café,,,https://www.google.com/maps/search/?api=1&query=Alsur+Caf%C3%A9+Eixample+C%2F+de+Roger+de+Ll%C3%BAria%2C+23+Barcelona,"C/ de Roger de Llúria, 23",08010,Eixample
839,Bo de B Eixample,Spanish,,,https://www.google.com/maps/search/?api=1&query=Bo+de+B+Eixample+C%2F+de+Pau+Claris%2C+80+Barcelona,"C/ de Pau Claris, 80",08010,Eixample
840,Goiko Eixample,Gastropub,https://goiko.com/,,https://www.google.com/maps/search/?api=1&query=Goiko+Eixample+C%2F+de+Pau+Claris%2C+100+Barcelona,"C/ de Pau Claris, 100",08009,Eixample
841,Pegasus Gastropub,Gastropub,,,https://www.google.com/maps/search/?api=1&query=Pegasus+Gastropub+C%2F+del+Comte+d%27Urgell%2C+120+Barcelona,"C/ del Comte d'Urgell, 120",08036,Eixample
842,Fresc Co Eixample,Mediterranean,,,https://www.google.com/maps/search/?api=1&query=Fresc+Co+Eixample+C%2F+de+Casanova%2C+140+Barcelona,"C/ de Casanova, 140",08036,Eixample
843,Wok Garden,Asian,,,https://www.google.com/maps/search/?api=1&query=Wok+Garden+C%2F+del+Comte+d%27Urgell%2C+80+Barcelona,"C/ del Comte d'Urgell, 80",08011,Eixample
844,Wagamama,Asian,,,https://www.google.com/maps/search/?api=1&query=Wagamama+Rambla+de+Catalunya%2C+35+Barcelona,"Rambla de Catalunya, 35",08007,Eixample
845,Pans & Company Pg Gràcia,Spanish,,,https://www.google.com/maps/search/?api=1&query=Pans+%26+Company+Pg+Gr%C3%A0cia+Pg.+de+Gr%C3%A0cia%2C+50+Barcelona,"Pg. de Gràcia, 50",08007,Eixample
846,Hard Rock Cafe,Gastropub,https://www.hardrockcafe.com/location/barcelona/,+34 932702305,https://www.google.com/maps/search/?api=1&query=Hard+Rock+Cafe+Pl.+de+Catalunya%2C+21+Barcelona,"Pl. de Catalunya, 21",08002,Barri Gòtic
847,TGB The Good Burger,Gastropub,,,https://www.google.com/maps/search/?api=1&query=TGB+The+Good+Burger+C%2F+d%27Arag%C3%B3%2C+280+Barcelona,"C/ d'Aragó, 280",08007,Eixample
848,Mauri,Café,,,https://www.google.com/maps/search/?api=1&query=Mauri+Rambla+de+Catalunya%2C+102+Barcelona,"Rambla de Catalunya, 102",08008,Eixample
849,Escribà Gran Via,Café,https://escriba.es/,+34 934547535,https://www.google.com/maps/search/?api=1&query=Escrib%C3%A0+Gran+Via+Gran+Via+de+les+Corts+Catalanes%2C+546+Barcelona,"Gran Via de les Corts Catalanes, 546",08011,Eixample
850,Txapela,Basque,https://txapelarestaurant.com/,+34 934121062,https://www.google.com/maps/search/?api=1&query=Txapela+Pg.+de+Gr%C3%A0cia%2C+58+Barcelona,"Pg. de Gràcia, 58",08007,Eixample
851,Can Ravell,Catalan,,,https://www.google.com/maps/search/?api=1&query=Can+Ravell+C%2F+d%27Arag%C3%B3%2C+313+Barcelona,"C/ d'Aragó, 313",08009,Eixample
852,Tragaluz,Mediterranean,,,https://www.google.com/maps/search/?api=1&query=Tragaluz+Pg.+de+la+Concepci%C3%B3%2C+5+Barcelona,"Pg. de la Concepció, 5",08008,Eixample
853,Nectari,Catalan,https://nectari.es/,+34 932268718,https://www.google.com/maps/search/?api=1&query=Nectari+C%2F+de+Val%C3%A8ncia%2C+28+Barcelona,"C/ de València, 28",08015,Eixample
854,Via Emilia Eixample,Italian,,,https://www.google.com/maps/search/?api=1&query=Via+Emilia+Eixample+C%2F+de+Proven%C3%A7a%2C+380+Barcelona,"C/ de Provença, 380",08025,Eixample
855,Honest Greens Gràcia,Vegetarian/Vegan,https://honestgreens.com/,+34 931227664,https://www.google.com/maps/search/?api=1&query=Honest+Greens+Gr%C3%A0cia+C%2F+de+Torrent+de+l%27Olla%2C+100+Barcelona,"C/ de Torrent de l'Olla, 100",08012,Gràcia
856,La Boqueria Stall 1,Seafood,,,https://www.google.com/maps/search/?api=1&query=La+Boqueria+Stall+1+La+Boqueria%2C+Parada+500+Barcelona,"La Boqueria, Parada 500",08001,El Raval
857,El Roble,Catalan,,,https://www.google.com/maps/search/?api=1&query=El+Roble+C%2F+de+Luis+Ant%C3%BAnez%2C+5+Barcelona,"C/ de Luis Antúnez, 5",08012,Gràcia
858,Kibuka Gràcia,Japanese,https://kibuka.com/,+34 933682036,https://www.google.com/maps/search/?api=1&query=Kibuka+Gr%C3%A0cia+C%2F+de+Verdi%2C+60+Barcelona,"C/ de Verdi, 60",08012,Gràcia
859,La Estrella del Born-Gràcia,Spanish,,,https://www.google.com/maps/search/?api=1&query=La+Estrella+del+Born-Gr%C3%A0cia+C%2F+de+Verdi%2C+50+Barcelona,"C/ de Verdi, 50",08012,Gràcia
860,Sushi Ya,Japanese,,,https://www.google.com/maps/search/?api=1&query=Sushi+Ya+C%2F+de+Torrijos%2C+30+Barcelona,"C/ de Torrijos, 30",08012,Gràcia
861,Can Dendé,Café,,,https://www.google.com/maps/search/?api=1&query=Can+Dend%C3%A9+C%2F+de+la+Ciutat+de+Granada%2C+44+Barcelona,"C/ de la Ciutat de Granada, 44",08005,Poblenou
862,La Llesca,Spanish,,,https://www.google.com/maps/search/?api=1&query=La+Llesca+Rambla+del+Poblenou%2C+90+Barcelona,"Rambla del Poblenou, 90",08005,Poblenou
863,El Grillo,Mediterranean,,,https://www.google.com/maps/search/?api=1&query=El+Grillo+C%2F+del+Joncar%2C+25+Barcelona,"C/ del Joncar, 25",08005,Poblenou
864,Set Portes,Catalan,https://7portes.com/,+34 933193033,https://www.google.com/maps/search/?api=1&query=Set+Portes+Pg.+d%27Isabel+II%2C+14+Barcelona,"Pg. d'Isabel II, 14",08003,Barceloneta
865,La Mar Bella Chiringuito,Mediterranean,,,https://www.google.com/maps/search/?api=1&query=La+Mar+Bella+Chiringuito+Platja+de+la+Mar+Bella+Barcelona,Platja de la Mar Bella,08005,Barceloneta
866,Can Viada,Catalan,,,https://www.google.com/maps/search/?api=1&query=Can+Viada+C%2F+de+Sants%2C+200+Barcelona,"C/ de Sants, 200",08028,Sants
867,La Cuina de Sants,Catalan,,,https://www.google.com/maps/search/?api=1&query=La+Cuina+de+Sants+C%2F+de+la+Creu+Coberta%2C+60+Barcelona,"C/ de la Creu Coberta, 60",08014,Sants
868,El Tomàquet de Sants,Catalan,,,https://www.google.com/maps/search/?api=1&query=El+Tom%C3%A0quet+de+Sants+C%2F+de+Sants%2C+170+Barcelona,"C/ de Sants, 170",08028,Sants
869,Tacos Tacos Poble Sec,Mexican,,,https://www.google.com/maps/search/?api=1&query=Tacos+Tacos+Poble+Sec+C%2F+del+Poeta+Cabanyes%2C+10+Barcelona,"C/ del Poeta Cabanyes, 10",08004,Poble Sec
870,Bella Napoli Poble Sec,Italian,,,https://www.google.com/maps/search/?api=1&query=Bella+Napoli+Poble+Sec+C%2F+de+Margarit%2C+20+Barcelona,"C/ de Margarit, 20",08004,Poble Sec
871,Bodega Ampelón,Spanish,,,https://www.google.com/maps/search/?api=1&query=Bodega+Ampel%C3%B3n+C%2F+de+Tamarit%2C+50+Barcelona,"C/ de Tamarit, 50",08004,Poble Sec
872,Restaurant El Foro,Mediterranean,,,https://www.google.com/maps/search/?api=1&query=Restaurant+El+Foro+C%2F+de+Proven%C3%A7als%2C+20+Barcelona,"C/ de Provençals, 20",08019,Sant Martí
873,La Forquilla Sant Martí,Spanish,,,https://www.google.com/maps/search/?api=1&query=La+Forquilla+Sant+Mart%C3%AD+C%2F+de+Pallars%2C+120+Barcelona,"C/ de Pallars, 120",08018,Sant Martí
874,Xiringuito Mar Bella,Mediterranean,,,https://www.google.com/maps/search/?api=1&query=Xiringuito+Mar+Bella+Platja+de+la+Mar+Bella+Barcelona,Platja de la Mar Bella,08005,Sant Martí
875,Can Mañes,Catalan,,,https://www.google.com/maps/search/?api=1&query=Can+Ma%C3%B1es+C%2F+de+Pere+IV%2C+80+Barcelona,"C/ de Pere IV, 80",08005,Sant Martí
876,El Glop Sant Martí,Catalan,https://elglop.com/,,https://www.google.com/maps/search/?api=1&query=El+Glop+Sant+Mart%C3%AD+C%2F+de+Pallars%2C+100+Barcelona,"C/ de Pallars, 100",08018,Sant Martí
877,El Rebost del Clot,Catalan,,,https://www.google.com/maps/search/?api=1&query=El+Rebost+del+Clot+C%2F+del+Clot%2C+185+Barcelona,"C/ del Clot, 185",08018,Clot
878,El Born Bàsic,Mediterranean,,,https://www.google.com/maps/search/?api=1&query=El+Born+B%C3%A0sic+C%2F+de+Sardenya%2C+220+Barcelona,"C/ de Sardenya, 220",08013,Sagrada Família
879,Pizzería Da Michele,Italian,,,https://www.google.com/maps/search/?api=1&query=Pizzer%C3%ADa+Da+Michele+C%2F+de+Sic%C3%ADlia%2C+150+Barcelona,"C/ de Sicília, 150",08013,Sagrada Família
880,Bar Mut Sagrada Família,Spanish,,,https://www.google.com/maps/search/?api=1&query=Bar+Mut+Sagrada+Fam%C3%ADlia+C%2F+de+Sardenya%2C+230+Barcelona,"C/ de Sardenya, 230",08013,Sagrada Família
881,La Cuina del 9,Catalan,,,https://www.google.com/maps/search/?api=1&query=La+Cuina+del+9+C%2F+Gran+de+Sant+Andreu%2C+80+Barcelona,"C/ Gran de Sant Andreu, 80",08030,Sant Andreu
882,Bar Manolo Sant Andreu,Spanish,,,https://www.google.com/maps/search/?api=1&query=Bar+Manolo+Sant+Andreu+C%2F+Gran+de+Sant+Andreu%2C+60+Barcelona,"C/ Gran de Sant Andreu, 60",08030,Sant Andreu
883,La Masia de Nou Barris,Catalan,,,https://www.google.com/maps/search/?api=1&query=La+Masia+de+Nou+Barris+Pg.+de+Fabra+i+Puig%2C+250+Barcelona,"Pg. de Fabra i Puig, 250",08042,Nou Barris
884,Restaurante Chen Ji,Chinese,,,https://www.google.com/maps/search/?api=1&query=Restaurante+Chen+Ji+Pg.+de+Fabra+i+Puig%2C+235+Barcelona,"Pg. de Fabra i Puig, 235",08042,Nou Barris
885,Restaurant Can Rectoret,Catalan,,,https://www.google.com/maps/search/?api=1&query=Restaurant+Can+Rectoret+C%2F+d%27Horta%2C+100+Barcelona,"C/ d'Horta, 100",08032,Horta-Guinardó
886,L'Hogar Gallego,Seafood,,,https://www.google.com/maps/search/?api=1&query=L%27Hogar+Gallego+C%2F+del+Dante%2C+60+Barcelona,"C/ del Dante, 60",08032,Horta-Guinardó
887,Zumo Bar Horta,Café,,,https://www.google.com/maps/search/?api=1&query=Zumo+Bar+Horta+C%2F+d%27Horta%2C+70+Barcelona,"C/ d'Horta, 70",08032,Horta-Guinardó
888,Can Culleres Les Corts,Catalan,,,https://www.google.com/maps/search/?api=1&query=Can+Culleres+Les+Corts+Travessera+de+les+Corts%2C+90+Barcelona,"Travessera de les Corts, 90",08028,Les Corts
889,El Japonés de Pedralbes,Japanese,,,https://www.google.com/maps/search/?api=1&query=El+Japon%C3%A9s+de+Pedralbes+Av.+de+Pedralbes%2C+40+Barcelona,"Av. de Pedralbes, 40",08034,Les Corts
890,Bodega 1900 Sant Antoni,Spanish,,+34 932175904,https://www.google.com/maps/search/?api=1&query=Bodega+1900+Sant+Antoni+C%2F+de+Tamarit%2C+91+Barcelona,"C/ de Tamarit, 91",08015,Sant Antoni
891,Carlota Akaneya,Japanese,,,https://www.google.com/maps/search/?api=1&query=Carlota+Akaneya+C%2F+d%27Enric+Granados%2C+70+Barcelona,"C/ d'Enric Granados, 70",08008,Eixample
892,Perikete,Basque,,,https://www.google.com/maps/search/?api=1&query=Perikete+Pl.+de+la+Font%2C+2+Barcelona,"Pl. de la Font, 2",08003,El Born
893,La Rita Eixample,Mediterranean,https://grupandilana.com/es/restaurantes/la-rita,+34 934872376,https://www.google.com/maps/search/?api=1&query=La+Rita+Eixample+C%2F+d%27Arag%C3%B3%2C+279+Barcelona,"C/ d'Aragó, 279",08007,Eixample
894,Ágape,Mediterranean,,,https://www.google.com/maps/search/?api=1&query=%C3%81gape+C%2F+del+Consell+de+Cent%2C+350+Barcelona,"C/ del Consell de Cent, 350",08009,Eixample
895,Restaurant Ciudad Condal,Spanish,https://ciudadcondal.cat/,+34 933181997,https://www.google.com/maps/search/?api=1&query=Restaurant+Ciudad+Condal+Rambla+de+Catalunya%2C+18+Barcelona,"Rambla de Catalunya, 18",08007,Eixample
896,Café Zürich,Café,https://zurichrestaurant.es/,+34 933179153,https://www.google.com/maps/search/?api=1&query=Caf%C3%A9+Z%C3%BCrich+Pl.+de+Catalunya%2C+1+Barcelona,"Pl. de Catalunya, 1",08002,Eixample
897,Flax & Kale Born,Vegetarian/Vegan,,,https://www.google.com/maps/search/?api=1&query=Flax+%26+Kale+Born+C%2F+dels+Flassaders%2C+20+Barcelona,"C/ dels Flassaders, 20",08003,El Born
898,Can Paixano Barceloneta,Spanish,https://canpaixano.com/,+34 933100839,https://www.google.com/maps/search/?api=1&query=Can+Paixano+Barceloneta+C%2F+de+la+Reina+Cristina%2C+7+Barcelona,"C/ de la Reina Cristina, 7",08003,Barceloneta
899,Paradiso,Fusion,https://paradiso.cat/,+34 933607222,https://www.google.com/maps/search/?api=1&query=Paradiso+C%2F+de+Rera+Palau%2C+4+Barcelona,"C/ de Rera Palau, 4",08003,El Born
900,Dry Martini,Fusion,https://drymartinibcn.com/,+34 932175072,https://www.google.com/maps/search/?api=1&query=Dry+Martini+C%2F+d%27Aribau%2C+162+Barcelona,"C/ d'Aribau, 162",08036,Eixample
901,Sips Barcelona,Fusion,https://sips.barcelona/,+34 608252075,https://www.google.com/maps/search/?api=1&query=Sips+Barcelona+C%2F+de+Muntaner%2C+108+Barcelona,"C/ de Muntaner, 108",08036,Eixample
902,Bobby's Free,Fusion,,,https://www.google.com/maps/search/?api=1&query=Bobby%27s+Free+C%2F+de+Francisco+Giner%2C+50+Barcelona,"C/ de Francisco Giner, 50",08012,Eixample
903,Taller del Chef,Mediterranean,,,https://www.google.com/maps/search/?api=1&query=Taller+del+Chef+Eixample%2C+Barcelona+Barcelona,"Eixample, Barcelona",08011,Eixample
904,La Pepita Born,Spanish,,,https://www.google.com/maps/search/?api=1&query=La+Pepita+Born+El+Born%2C+Barcelona+Barcelona,"El Born, Barcelona",08003,El Born
905,Casa Guinart,Catalan,https://casaguinart.com/,+34 933178887,https://www.google.com/maps/search/?api=1&query=Casa+Guinart+La+Rambla%2C+95+Barcelona,"La Rambla, 95",08012,Gràcia
906,PadThai WokBar,Asian,https://padthaiwokbar.com/,+34 934541302,https://www.google.com/maps/search/?api=1&query=PadThai+WokBar+C%2F+del+Consell+de+Cent%2C+360+Barcelona,"C/ del Consell de Cent, 360",08007,Eixample
907,Kibuka Born,Japanese,https://kibuka.com/,+34 932378994,https://www.google.com/maps/search/?api=1&query=Kibuka+Born+El+Born%2C+Barcelona+Barcelona,"El Born, Barcelona",08003,El Born
908,La Cuina de Can Simon,Catalan,https://lacuinadecansimon.cat/,+34 933310516,https://www.google.com/maps/search/?api=1&query=La+Cuina+de+Can+Simon+C%2F+del+Consell+de+Cent%2C+5+Barcelona,"C/ del Consell de Cent, 5",08014,Sants
909,El Pintor,Mediterranean,,,https://www.google.com/maps/search/?api=1&query=El+Pintor+Barri+G%C3%B2tic%2C+Barcelona+Barcelona,"Barri Gòtic, Barcelona",08002,Barri Gòtic
910,Gat Blau,Spanish,https://gatblaurestaurant.com/,+34 933256199,https://www.google.com/maps/search/?api=1&query=Gat+Blau+C%2F+del+Comte+Borrell%2C+122+Barcelona,"C/ del Comte Borrell, 122",08015,El Raval
911,La Parra,Mediterranean,https://barlaparra.com/,+34 932134733,https://www.google.com/maps/search/?api=1&query=La+Parra+C%2F+de+Joanot+Martorell%2C+3+Barcelona,"C/ de Joanot Martorell, 3",08012,Gràcia
912,Restaurant Rías de Galicia,Seafood,https://rfriasdegalicia.com/,+34 934243981,https://www.google.com/maps/search/?api=1&query=Restaurant+R%C3%ADas+de+Galicia+C%2F+de+Lleida%2C+7+Barcelona,"C/ de Lleida, 7",08007,Eixample
913,Mandarosso,Italian,https://www.mandarosso.com/,+34 932690780,https://www.google.com/maps/search/?api=1&query=Mandarosso+C%2F+de+Verdaguer+i+Call%C3%ADs%2C+4+Barcelona,"C/ de Verdaguer i Callís, 4",08003,El Born
914,El Celler de Can Roca Pop-up,Catalan,,,https://www.google.com/maps/search/?api=1&query=El+Celler+de+Can+Roca+Pop-up+Eixample%2C+Barcelona+Barcelona,"Eixample, Barcelona",08011,Eixample
915,Can Culleretes Born,Catalan,,,https://www.google.com/maps/search/?api=1&query=Can+Culleretes+Born+El+Born%2C+Barcelona+Barcelona,"El Born, Barcelona",08003,El Born
916,Restaurant Cervantes,Spanish,https://restaurantecervantes.com/,+34 933173384,https://www.google.com/maps/search/?api=1&query=Restaurant+Cervantes+C%2F+de+Cervantes%2C+7+Barcelona,"C/ de Cervantes, 7",08002,Barri Gòtic
917,El Bon Lloc,Mediterranean,,,https://www.google.com/maps/search/?api=1&query=El+Bon+Lloc+Poblenou%2C+Barcelona+Barcelona,"Poblenou, Barcelona",08019,Poblenou
918,El Pasaje,Spanish,https://elpasaje.es/,+34 933198498,https://www.google.com/maps/search/?api=1&query=El+Pasaje+C%2F+de+Sant+Pere+M%C3%A9s+Baix%2C+56+Barcelona,"C/ de Sant Pere Més Baix, 56",08003,El Born
919,Celler de la Ribera,Catalan,https://familialonja.com/,+34 933107845,https://www.google.com/maps/search/?api=1&query=Celler+de+la+Ribera+El+Born%2C+Barcelona+Barcelona,"El Born, Barcelona",08003,El Born
920,Sensi Sushi,Japanese,,,https://www.google.com/maps/search/?api=1&query=Sensi+Sushi+Barri+G%C3%B2tic%2C+Barcelona+Barcelona,"Barri Gòtic, Barcelona",08002,Barri Gòtic
921,El Portalón,Basque,,,https://www.google.com/maps/search/?api=1&query=El+Portal%C3%B3n+Eixample%2C+Barcelona+Barcelona,"Eixample, Barcelona",08015,Eixample
922,La Bota Fumeiro,Seafood,,+34 932215894,https://www.google.com/maps/search/?api=1&query=La+Bota+Fumeiro+C%2F+de+la+Maquinista%2C+30+Barcelona,"C/ de la Maquinista, 30",08003,Barceloneta
923,Sants BBQ,Gastropub,,,https://www.google.com/maps/search/?api=1&query=Sants+BBQ+Sants%2C+Barcelona+Barcelona,"Sants, Barcelona",08028,Sants
924,El Bosc de les Fades,Mediterranean,,,https://www.google.com/maps/search/?api=1&query=El+Bosc+de+les+Fades+Barri+G%C3%B2tic%2C+Barcelona+Barcelona,"Barri Gòtic, Barcelona",08002,Barri Gòtic
925,Milk Bar Born,Café,,,https://www.google.com/maps/search/?api=1&query=Milk+Bar+Born+El+Born%2C+Barcelona+Barcelona,"El Born, Barcelona",08003,El Born
926,Taranna Café,Café,,,https://www.google.com/maps/search/?api=1&query=Taranna+Caf%C3%A9+Eixample%2C+Barcelona+Barcelona,"Eixample, Barcelona",08015,Eixample
927,Nomad Roasters,Café,,,https://www.google.com/maps/search/?api=1&query=Nomad+Roasters+Eixample%2C+Barcelona+Barcelona,"Eixample, Barcelona",08009,Eixample
928,La Dolça Hermínia,Mediterranean,https://www.andilana.com/dolca-herminia/,+34 933170676,https://www.google.com/maps/search/?api=1&query=La+Dol%C3%A7a+Herm%C3%ADnia+C%2F+de+les+Magdalenes%2C+27+Barcelona,"C/ de les Magdalenes, 27",08029,Eixample
929,Tibet,Asian,https://restaurantetibet.com/,+34 932845045,https://www.google.com/maps/search/?api=1&query=Tibet+Ramiro+de+Maeztu%2C+34+Barcelona,"Ramiro de Maeztu, 34",08011,Eixample
930,Govinda,Indian,https://govinda.es/,+34 933187729,https://www.google.com/maps/search/?api=1&query=Govinda+Pla%C3%A7a+Vila+de+Madrid%2C+4+Barcelona,"Plaça Vila de Madrid, 4",08001,El Raval
931,Los Pinchitos,Spanish,,,https://www.google.com/maps/search/?api=1&query=Los+Pinchitos+El+Raval%2C+Barcelona+Barcelona,"El Raval, Barcelona",08001,El Raval
932,El Salón,Mediterranean,,,https://www.google.com/maps/search/?api=1&query=El+Sal%C3%B3n+El+Born%2C+Barcelona+Barcelona,"El Born, Barcelona",08003,El Born
933,Miramelindo,Spanish,https://miramelindo.es/,+34 933101027,https://www.google.com/maps/search/?api=1&query=Miramelindo+Pg.+del+Born%2C+15+Barcelona,"Pg. del Born, 15",08003,El Born
934,Cervesería Joana,Spanish,,,https://www.google.com/maps/search/?api=1&query=Cerveser%C3%ADa+Joana+Poblenou%2C+Barcelona+Barcelona,"Poblenou, Barcelona",08018,Poblenou
935,Restaurant Morro Fi,Mediterranean,,,https://www.google.com/maps/search/?api=1&query=Restaurant+Morro+Fi+Poblenou%2C+Barcelona+Barcelona,"Poblenou, Barcelona",08019,Poblenou
936,Casa Pagès,Catalan,https://casapages.cat/,+34 934573545,https://www.google.com/maps/search/?api=1&query=Casa+Pag%C3%A8s+C%2F+de+la+Llibertat%2C+19+Barcelona,"C/ de la Llibertat, 19",08012,Gràcia
937,El Xiringo,Mediterranean,,,https://www.google.com/maps/search/?api=1&query=El+Xiringo+Sant+Mart%C3%AD%2C+Barcelona+Barcelona,"Sant Martí, Barcelona",08005,Sant Martí
938,La Cuina del Bo,Catalan,,+34 933008427,https://www.google.com/maps/search/?api=1&query=La+Cuina+del+Bo+C%2F+del+Clot%2C+93+Barcelona,"C/ del Clot, 93",08018,Clot
939,El Taller Clot,Spanish,,+34 933071015,https://www.google.com/maps/search/?api=1&query=El+Taller+Clot+C%2F+del+Clot%2C+47+Barcelona,"C/ del Clot, 47",08018,Clot
940,Can Batlló,Catalan,,+34 934214077,https://www.google.com/maps/search/?api=1&query=Can+Batll%C3%B3+C%2F+del+Marqu%C3%A8s+de+Sentmenat%2C+35+Barcelona,"C/ del Marquès de Sentmenat, 35",08014,Sants
941,El Recó de Sant Antoni,Catalan,,,https://www.google.com/maps/search/?api=1&query=El+Rec%C3%B3+de+Sant+Antoni+Sant+Antoni%2C+Barcelona+Barcelona,"Sant Antoni, Barcelona",08015,Sant Antoni
942,Restaurante El Cid,Spanish,,+34 933107612,https://www.google.com/maps/search/?api=1&query=Restaurante+El+Cid+C%2F+de+Balboa%2C+12+Barcelona,"C/ de Balboa, 12",08003,Barceloneta
943,La Pepita Sant Antoni,Spanish,,,https://www.google.com/maps/search/?api=1&query=La+Pepita+Sant+Antoni+Sant+Antoni%2C+Barcelona+Barcelona,"Sant Antoni, Barcelona",08015,Sant Antoni
944,Bodega Granados,Spanish,,,https://www.google.com/maps/search/?api=1&query=Bodega+Granados+Eixample%2C+Barcelona+Barcelona,"Eixample, Barcelona",08008,Eixample
945,La Formatgeria de Sarrià,Café,,,https://www.google.com/maps/search/?api=1&query=La+Formatgeria+de+Sarri%C3%A0+Sarri%C3%A0-Sant+Gervasi%2C+Barcelona+Barcelona,"Sarrià-Sant Gervasi, Barcelona",08034,Sarrià-Sant Gervasi
946,El Cau de Sarrià,Catalan,,+34 932043522,https://www.google.com/maps/search/?api=1&query=El+Cau+de+Sarri%C3%A0+C%2F+Major+de+Sarri%C3%A0%2C+118+Barcelona,"C/ Major de Sarrià, 118",08006,Sarrià-Sant Gervasi
947,Restaurante Bambú,Asian,,+34 934560023,https://www.google.com/maps/search/?api=1&query=Restaurante+Bamb%C3%BA+C%2F+de+Lepant%2C+311+Barcelona,"C/ de Lepant, 311",08025,Sagrada Família
948,Mesón Can Pepe,Spanish,,,https://www.google.com/maps/search/?api=1&query=Mes%C3%B3n+Can+Pepe+Sagrada+Fam%C3%ADlia%2C+Barcelona+Barcelona,"Sagrada Família, Barcelona",08013,Sagrada Família
949,El Vergel Veggie,Vegetarian/Vegan,https://restaurantvegetalia.com/,,https://www.google.com/maps/search/?api=1&query=El+Vergel+Veggie+El+Born%2C+Barcelona+Barcelona,"El Born, Barcelona",08003,El Born
950,Arume Gràcia,Seafood,https://arumerestaurante.com/,+34 930228043,https://www.google.com/maps/search/?api=1&query=Arume+Gr%C3%A0cia+C%2F+de+Bruniquer%2C+75+Barcelona,"C/ de Bruniquer, 75",08024,Gràcia
951,La Masia de les Corts,Catalan,,,https://www.google.com/maps/search/?api=1&query=La+Masia+de+les+Corts+Les+Corts%2C+Barcelona+Barcelona,"Les Corts, Barcelona",08028,Les Corts
952,El Racó del Poblenou,Mediterranean,,+34 934869188,https://www.google.com/maps/search/?api=1&query=El+Rac%C3%B3+del+Poblenou+C%2F+d%27%C3%80vila%2C+160+Barcelona,"C/ d'Àvila, 160",08019,Poblenou
953,FoodBox Poblenou,Fusion,,,https://www.google.com/maps/search/?api=1&query=FoodBox+Poblenou+Poblenou%2C+Barcelona+Barcelona,"Poblenou, Barcelona",08019,Poblenou
954,L Hamburguesa,Gastropub,,,https://www.google.com/maps/search/?api=1&query=L+Hamburguesa+El+Raval%2C+Barcelona+Barcelona,"El Raval, Barcelona",08001,El Raval
955,Bar Joan,Spanish,,,https://www.google.com/maps/search/?api=1&query=Bar+Joan+Poble+Sec%2C+Barcelona+Barcelona,"Poble Sec, Barcelona",08004,Poble Sec
956,La Cuina del Paral·lel,Catalan,,,https://www.google.com/maps/search/?api=1&query=La+Cuina+del+Paral%C2%B7lel+Poble+Sec%2C+Barcelona+Barcelona,"Poble Sec, Barcelona",08004,Poble Sec
957,Can Panella,Catalan,,+34 934274189,https://www.google.com/maps/search/?api=1&query=Can+Panella+C%2F+del+Carmel%2C+12+Barcelona,"C/ del Carmel, 12",08035,Horta-Guinardó
958,El Mesón de Horta,Spanish,,,https://www.google.com/maps/search/?api=1&query=El+Mes%C3%B3n+de+Horta+Horta-Guinard%C3%B3%2C+Barcelona+Barcelona,"Horta-Guinardó, Barcelona",08032,Horta-Guinardó
959,Restaurante El Cid Nou Barris,Spanish,,+34 933541207,https://www.google.com/maps/search/?api=1&query=Restaurante+El+Cid+Nou+Barris+C%2F+de+la+Mare+de+D%C3%A9u+de+Montserrat%2C+5+Barcelona,"C/ de la Mare de Déu de Montserrat, 5",08042,Nou Barris
960,La Taberna de Sant Andreu,Spanish,,+34 933457065,https://www.google.com/maps/search/?api=1&query=La+Taberna+de+Sant+Andreu+C%2F+Gran+de+Sant+Andreu%2C+116+Barcelona,"C/ Gran de Sant Andreu, 116",08030,Sant Andreu
961,Taberna Blai Tonight,Spanish,,,https://www.google.com/maps/search/?api=1&query=Taberna+Blai+Tonight+C%2F+de+Blai%2C+20+Barcelona,"C/ de Blai, 20",08004,Poble Sec
962,Bar Mombiela,Spanish,,,https://www.google.com/maps/search/?api=1&query=Bar+Mombiela+C%2F+del+Poeta+Cabanyes%2C+60+Barcelona,"C/ del Poeta Cabanyes, 60",08004,Poble Sec
963,El Sortidor de la Filomena Pagès,Catalan,,,https://www.google.com/maps/search/?api=1&query=El+Sortidor+de+la+Filomena+Pag%C3%A8s+Pl.+del+Sortidor%2C+5+Barcelona,"Pl. del Sortidor, 5",08004,Poble Sec
964,Casa Pepi,Spanish,,,https://www.google.com/maps/search/?api=1&query=Casa+Pepi+C%2F+de+Tamarit%2C+60+Barcelona,"C/ de Tamarit, 60",08004,Poble Sec
965,La Chana,Spanish,,,https://www.google.com/maps/search/?api=1&query=La+Chana+C%2F+de+Salv%C3%A0%2C+40+Barcelona,"C/ de Salvà, 40",08004,Poble Sec
966,La Platilleria,Mediterranean,,,https://www.google.com/maps/search/?api=1&query=La+Platilleria+C%2F+del+Poeta+Cabanyes%2C+45+Barcelona,"C/ del Poeta Cabanyes, 45",08004,Poble Sec
967,Bodega Vidal,Spanish,,,https://www.google.com/maps/search/?api=1&query=Bodega+Vidal+C%2F+de+les+Hortes%2C+10+Barcelona,"C/ de les Hortes, 10",08001,Poble Sec
968,V de Vermut,Spanish,,,https://www.google.com/maps/search/?api=1&query=V+de+Vermut+C%2F+del+Poeta+Cabanyes%2C+50+Barcelona,"C/ del Poeta Cabanyes, 50",08004,Poble Sec
969,Café Cometa,Café,,,https://www.google.com/maps/search/?api=1&query=Caf%C3%A9+Cometa+C%2F+del+Parlament%2C+20+Barcelona,"C/ del Parlament, 20",08004,Poble Sec
970,Cactus Café,Café,,,https://www.google.com/maps/search/?api=1&query=Cactus+Caf%C3%A9+C%2F+del+Paral%C2%B7lel%2C+40+Barcelona,"C/ del Paral·lel, 40",08004,Poble Sec
971,Blubar,Vegetarian/Vegan,,,https://www.google.com/maps/search/?api=1&query=Blubar+C%2F+de+Llull%2C+200+Barcelona,"C/ de Llull, 200",08005,Poblenou
972,Catacroquet,Spanish,,,https://www.google.com/maps/search/?api=1&query=Catacroquet+C%2F+de+Pujades%2C+160+Barcelona,"C/ de Pujades, 160",08005,Poblenou
973,Sopa Restaurant BCN,Vegetarian/Vegan,,,https://www.google.com/maps/search/?api=1&query=Sopa+Restaurant+BCN+C%2F+de+Pujades%2C+170+Barcelona,"C/ de Pujades, 170",08005,Poblenou
974,Metl Barcelona,Mexican,,,https://www.google.com/maps/search/?api=1&query=Metl+Barcelona+C%2F+de+Mari%C3%A0+Aguil%C3%B3%2C+120+Barcelona,"C/ de Marià Aguiló, 120",08005,Poblenou
975,Florentine BCN,Café,,,https://www.google.com/maps/search/?api=1&query=Florentine+BCN+C%2F+de+Pujades%2C+190+Barcelona,"C/ de Pujades, 190",08005,Poblenou
976,Gegant,Catalan,,,https://www.google.com/maps/search/?api=1&query=Gegant+C%2F+de+Pere+IV%2C+100+Barcelona,"C/ de Pere IV, 100",08005,Poblenou
977,Gabby Brunch,Café,,,https://www.google.com/maps/search/?api=1&query=Gabby+Brunch+C%2F+de+Pujades%2C+195+Barcelona,"C/ de Pujades, 195",08005,Poblenou
978,Little Fern,Vegetarian/Vegan,,,https://www.google.com/maps/search/?api=1&query=Little+Fern+C%2F+de+Pere+IV%2C+110+Barcelona,"C/ de Pere IV, 110",08005,Poblenou
979,CACHO Brunch,Café,,,https://www.google.com/maps/search/?api=1&query=CACHO+Brunch+C%2F+de+Pallars%2C+190+Barcelona,"C/ de Pallars, 190",08018,Poblenou
980,Nomad Frutas Selectas,Café,,,https://www.google.com/maps/search/?api=1&query=Nomad+Frutas+Selectas+Pg.+del+Born%2C+20+Barcelona,"Pg. del Born, 20",08003,Poblenou
981,CASA TAOS,Café,,,https://www.google.com/maps/search/?api=1&query=CASA+TAOS+C%2F+de+Pujades%2C+185+Barcelona,"C/ de Pujades, 185",08005,Poblenou
982,The Miners Coffee,Café,,,https://www.google.com/maps/search/?api=1&query=The+Miners+Coffee+Rambla+del+Poblenou%2C+120+Barcelona,"Rambla del Poblenou, 120",08005,Poblenou
983,Sopa Boronat,Vegetarian/Vegan,,,https://www.google.com/maps/search/?api=1&query=Sopa+Boronat+C%2F+de+Roc+Boronat%2C+114+Barcelona,"C/ de Roc Boronat, 114",08018,Poblenou
984,Gerbard,Mediterranean,,,https://www.google.com/maps/search/?api=1&query=Gerbard+C%2F+Major+de+Sarri%C3%A0%2C+100+Barcelona,"C/ Major de Sarrià, 100",08017,Sarrià-Sant Gervasi
985,L Encant Vegetarià,Vegetarian/Vegan,,,https://www.google.com/maps/search/?api=1&query=L+Encant+Vegetari%C3%A0+C%2F+dels+Castillejos%2C+210+Barcelona,"C/ dels Castillejos, 210",08013,Sagrada Família
986,L Hortet,Vegetarian/Vegan,,,https://www.google.com/maps/search/?api=1&query=L+Hortet+C%2F+del+Pintor+Fortuny%2C+30+Barcelona,"C/ del Pintor Fortuny, 30",08001,El Raval
987,Miu Eixample,Mediterranean,http://www.tavernamiu.com/,+34 931932300,https://www.google.com/maps/search/?api=1&query=Miu+Eixample+C%2F+de+Val%C3%A8ncia%2C+249+Barcelona,"C/ de València, 249",08007,Eixample
988,Pizzeria da Nanni,Italian,,,https://www.google.com/maps/search/?api=1&query=Pizzeria+da+Nanni+C%2F+dels+Assaonadors%2C+20+Barcelona,"C/ dels Assaonadors, 20",08003,El Born
989,Quick Greek BCN,Greek,,,https://www.google.com/maps/search/?api=1&query=Quick+Greek+BCN+C%2F+dels+Carders%2C+10+Barcelona,"C/ dels Carders, 10",08003,El Born
990,The Pans Club,Café,,,https://www.google.com/maps/search/?api=1&query=The+Pans+Club+C%2F+dels+Flassaders%2C+25+Barcelona,"C/ dels Flassaders, 25",08003,El Born
991,Fundació Miró Restaurant,Mediterranean,,,https://www.google.com/maps/search/?api=1&query=Fundaci%C3%B3+Mir%C3%B3+Restaurant+Parc+de+Montju%C3%AFc+Barcelona,Parc de Montjuïc,08038,Poble Sec
992,La Font del Gat,Mediterranean,,,https://www.google.com/maps/search/?api=1&query=La+Font+del+Gat+Pg.+de+Santa+Madrona%2C+28+Barcelona,"Pg. de Santa Madrona, 28",08038,Poble Sec
993,Petit Hípica,Catalan,,,https://www.google.com/maps/search/?api=1&query=Petit+H%C3%ADpica+Av.+del+Miramar%2C+50+Barcelona,"Av. del Miramar, 50",08038,Poble Sec
994,Morryssom Sant Antoni,Spanish,,,https://www.google.com/maps/search/?api=1&query=Morryssom+Sant+Antoni+C%2F+de+Manso%2C+30+Barcelona,"C/ de Manso, 30",08015,Sant Antoni
995,La Cuina del Paisé,Catalan,,,https://www.google.com/maps/search/?api=1&query=La+Cuina+del+Pais%C3%A9+C%2F+de+Sants%2C+190+Barcelona,"C/ de Sants, 190",08028,Sants
996,Casa Rincón de Gràcia,Catalan,,,https://www.google.com/maps/search/?api=1&query=Casa+Rinc%C3%B3n+de+Gr%C3%A0cia+C%2F+de+Torrent+de+l+Olla%2C+130+Barcelona,"C/ de Torrent de l Olla, 130",08012,Gràcia
997,Jiribilla Barcelona,Mexican,,,https://www.google.com/maps/search/?api=1&query=Jiribilla+Barcelona+C%2F+de+Sep%C3%BAlveda%2C+150+Barcelona,"C/ de Sepúlveda, 150",08011,Eixample
998,Padoca BCN,Café,,,https://www.google.com/maps/search/?api=1&query=Padoca+BCN+C%2F+de+Pere+IV%2C+120+Barcelona,"C/ de Pere IV, 120",08005,Poblenou
999,Magma Bakery Lab,Vegetarian/Vegan,,,https://www.google.com/maps/search/?api=1&query=Magma+Bakery+Lab+C%2F+de+Pallars%2C+180+Barcelona,"C/ de Pallars, 180",08018,Poblenou
1000,Mammamia Poblenou,Italian,,,https://www.google.com/maps/search/?api=1&query=Mammamia+Poblenou+C%2F+de+Mari%C3%A0+Aguil%C3%B3%2C+90+Barcelona,"C/ de Marià Aguiló, 90",08005,Poblenou
1001,La Picantería Escribà,Fusion,,,https://www.google.com/maps/search/?api=1&query=La+Picanter%C3%ADa+Escrib%C3%A0+C%2F+de+Pujades%2C+200+Barcelona,"C/ de Pujades, 200",08005,Poblenou
1002,Mineral Barcelona,Mediterranean,,,https://www.google.com/maps/search/?api=1&query=Mineral+Barcelona+C%2F+del+Ninot%2C+15+Barcelona,"C/ del Ninot, 15",08036,Eixample
1003,Gloria Osteria,Italian,,,https://www.google.com/maps/search/?api=1&query=Gloria+Osteria+C%2F+de+Casp%2C+70+Barcelona,"C/ de Casp, 70",08010,Eixample
1004,Macambo,Peruvian,,,https://www.google.com/maps/search/?api=1&query=Macambo+C%2F+de+Ganduxer%2C+40+Barcelona,"C/ de Ganduxer, 40",08021,Sarrià-Sant Gervasi
1005,Emii Experience,Italian,,,https://www.google.com/maps/search/?api=1&query=Emii+Experience+Sarri%C3%A0-Sant+Gervasi%2C+Barcelona+Barcelona,"Sarrià-Sant Gervasi, Barcelona",08017,Sarrià-Sant Gervasi
1006,Boka House,Mediterranean,,,https://www.google.com/maps/search/?api=1&query=Boka+House+Sarri%C3%A0-Sant+Gervasi%2C+Barcelona+Barcelona,"Sarrià-Sant Gervasi, Barcelona",08017,Sarrià-Sant Gervasi
1007,Jazminos,Middle Eastern,,,https://www.google.com/maps/search/?api=1&query=Jazminos+Sarri%C3%A0-Sant+Gervasi%2C+Barcelona+Barcelona,"Sarrià-Sant Gervasi, Barcelona",08006,Sarrià-Sant Gervasi
1008,Avenir Restaurant,Catalan,,,https://www.google.com/maps/search/?api=1&query=Avenir+Restaurant+Sarri%C3%A0-Sant+Gervasi%2C+Barcelona+Barcelona,"Sarrià-Sant Gervasi, Barcelona",08034,Sarrià-Sant Gervasi
1009,Feroz Barcelona,Mediterranean,,,https://www.google.com/maps/search/?api=1&query=Feroz+Barcelona+Sarri%C3%A0-Sant+Gervasi%2C+Barcelona+Barcelona,"Sarrià-Sant Gervasi, Barcelona",08034,Sarrià-Sant Gervasi
1010,Volta Borneta,Mediterranean,,,https://www.google.com/maps/search/?api=1&query=Volta+Borneta+El+Born%2C+Barcelona+Barcelona,"El Born, Barcelona",08003,El Born
1011,ERRE Urrechu,Basque,,,https://www.google.com/maps/search/?api=1&query=ERRE+Urrechu+Les+Corts%2C+Barcelona+Barcelona,"Les Corts, Barcelona",08028,Les Corts
1012,Can Bo Hotel,Spanish,,,https://www.google.com/maps/search/?api=1&query=Can+Bo+Hotel+Eixample%2C+Barcelona+Barcelona,"Eixample, Barcelona",08036,Eixample
1013,Changui BCN,Fusion,,,https://www.google.com/maps/search/?api=1&query=Changui+BCN+Eixample%2C+Barcelona+Barcelona,"Eixample, Barcelona",08029,Eixample
1014,Zhonghua Noodles,Chinese,,,https://www.google.com/maps/search/?api=1&query=Zhonghua+Noodles+Eixample%2C+Barcelona+Barcelona,"Eixample, Barcelona",08007,Eixample
1015,Hokkaido Ramen BCN,Japanese,,,https://www.google.com/maps/search/?api=1&query=Hokkaido+Ramen+BCN+Sagrada+Fam%C3%ADlia%2C+Barcelona+Barcelona,"Sagrada Família, Barcelona",08025,Sagrada Família
1016,Arko Restaurant,Japanese,,,https://www.google.com/maps/search/?api=1&query=Arko+Restaurant+Eixample%2C+Barcelona+Barcelona,"Eixample, Barcelona",08029,Eixample
1017,Annaré Pizzeria,Italian,,,https://www.google.com/maps/search/?api=1&query=Annar%C3%A9+Pizzeria+Poble+Sec%2C+Barcelona+Barcelona,"Poble Sec, Barcelona",08004,Poble Sec
1018,Gurí Barcelona,Fusion,,,https://www.google.com/maps/search/?api=1&query=Gur%C3%AD+Barcelona+Sant+Antoni%2C+Barcelona+Barcelona,"Sant Antoni, Barcelona",08015,Sant Antoni
1019,Pepa Bar a Vins,Spanish,,,https://www.google.com/maps/search/?api=1&query=Pepa+Bar+a+Vins+C%2F+d+Aribau%2C+150+Barcelona,"C/ d Aribau, 150",08036,Eixample
1020,La Moderna Wine Bar,Spanish,,,https://www.google.com/maps/search/?api=1&query=La+Moderna+Wine+Bar+C%2F+d+Enric+Granados%2C+100+Barcelona,"C/ d Enric Granados, 100",08008,Eixample
1021,Cellarer,Spanish,,,https://www.google.com/maps/search/?api=1&query=Cellarer+C%2F+de+Mallorca%2C+280+Barcelona,"C/ de Mallorca, 280",08037,Eixample
1022,Amovino,Spanish,,,https://www.google.com/maps/search/?api=1&query=Amovino+Eixample%2C+Barcelona+Barcelona,"Eixample, Barcelona",08011,Eixample
1023,Sin Mala Uva,Spanish,,,https://www.google.com/maps/search/?api=1&query=Sin+Mala+Uva+Eixample%2C+Barcelona+Barcelona,"Eixample, Barcelona",08009,Eixample
1024,Tangana Gràcia,Spanish,,,https://www.google.com/maps/search/?api=1&query=Tangana+Gr%C3%A0cia+Gr%C3%A0cia%2C+Barcelona+Barcelona,"Gràcia, Barcelona",08024,Gràcia
1025,Bar Canyí,Spanish,,,https://www.google.com/maps/search/?api=1&query=Bar+Cany%C3%AD+Sant+Antoni%2C+Barcelona+Barcelona,"Sant Antoni, Barcelona",08015,Sant Antoni
1026,Mordisco,Mediterranean,https://grupotragaluz.com/en/restaurante/mordisco-2/,+34 934879656,https://www.google.com/maps/search/?api=1&query=Mordisco+Eixample%2C+Barcelona+Barcelona,"Eixample, Barcelona",08015,Eixample
1027,Tapería Princesa,Spanish,,,https://www.google.com/maps/search/?api=1&query=Taper%C3%ADa+Princesa+El+Born%2C+Barcelona+Barcelona,"El Born, Barcelona",08003,El Born
1028,Surf House Barcelona,Café,,,https://www.google.com/maps/search/?api=1&query=Surf+House+Barcelona+Barceloneta%2C+Barcelona+Barcelona,"Barceloneta, Barcelona",08003,Barceloneta
1029,El Guindilla,Spanish,,,https://www.google.com/maps/search/?api=1&query=El+Guindilla+El+Raval%2C+Barcelona+Barcelona,"El Raval, Barcelona",08001,El Raval
1030,La Vermutería del Raval,Spanish,,,https://www.google.com/maps/search/?api=1&query=La+Vermuter%C3%ADa+del+Raval+El+Raval%2C+Barcelona+Barcelona,"El Raval, Barcelona",08001,El Raval
1031,Can Fisher,Seafood,,,https://www.google.com/maps/search/?api=1&query=Can+Fisher+Barceloneta%2C+Barcelona+Barcelona,"Barceloneta, Barcelona",08003,Barceloneta
1032,Tramendu,Catalan,,,https://www.google.com/maps/search/?api=1&query=Tramendu+Sants%2C+Barcelona+Barcelona,"Sants, Barcelona",08028,Sants
1033,Bar Remei,Spanish,,,https://www.google.com/maps/search/?api=1&query=Bar+Remei+Sants%2C+Barcelona+Barcelona,"Sants, Barcelona",08014,Sants
1034,Casa Axin,Spanish,,,https://www.google.com/maps/search/?api=1&query=Casa+Axin+Sants%2C+Barcelona+Barcelona,"Sants, Barcelona",08028,Sants
1035,Las Palmeras La Marina,Spanish,,,https://www.google.com/maps/search/?api=1&query=Las+Palmeras+La+Marina+Sants%2C+Barcelona+Barcelona,"Sants, Barcelona",08014,Sants
1036,Tiberi Bar,Spanish,,,https://www.google.com/maps/search/?api=1&query=Tiberi+Bar+Sants%2C+Barcelona+Barcelona,"Sants, Barcelona",08028,Sants
1037,Buenavista Winery Sants,Spanish,,,https://www.google.com/maps/search/?api=1&query=Buenavista+Winery+Sants+Sants%2C+Barcelona+Barcelona,"Sants, Barcelona",08014,Sants
1038,L'Àvia Les Corts,Catalan,,,https://www.google.com/maps/search/?api=1&query=L%27%C3%80via+Les+Corts+Les+Corts%2C+Barcelona+Barcelona,"Les Corts, Barcelona",08028,Les Corts
1039,Punta Anguila,Mediterranean,,,https://www.google.com/maps/search/?api=1&query=Punta+Anguila+Les+Corts%2C+Barcelona+Barcelona,"Les Corts, Barcelona",08034,Les Corts
1040,Ca Terry,Gastropub,,,https://www.google.com/maps/search/?api=1&query=Ca+Terry+Les+Corts%2C+Barcelona+Barcelona,"Les Corts, Barcelona",08028,Les Corts
1041,La Cantonada de la Riera,Spanish,https://lacantonadadelariera.com/,,https://www.google.com/maps/search/?api=1&query=La+Cantonada+de+la+Riera+Les+Corts%2C+Barcelona+Barcelona,"Les Corts, Barcelona",08028,Les Corts
1042,Bar Manila Pedralbes,Spanish,,,https://www.google.com/maps/search/?api=1&query=Bar+Manila+Pedralbes+Les+Corts%2C+Barcelona+Barcelona,"Les Corts, Barcelona",08028,Les Corts
1043,La Botigueta Horta,Catalan,,,https://www.google.com/maps/search/?api=1&query=La+Botigueta+Horta+Horta-Guinard%C3%B3%2C+Barcelona+Barcelona,"Horta-Guinardó, Barcelona",08024,Horta-Guinardó
1044,Versalles 1928,Catalan,,,https://www.google.com/maps/search/?api=1&query=Versalles+1928+Sant+Andreu%2C+Barcelona+Barcelona,"Sant Andreu, Barcelona",08030,Sant Andreu
1045,Txapeldun Egarri,Basque,,,https://www.google.com/maps/search/?api=1&query=Txapeldun+Egarri+Nou+Barris%2C+Barcelona+Barcelona,"Nou Barris, Barcelona",08016,Nou Barris
1046,Bardeni-Caldeni,Spanish,,,https://www.google.com/maps/search/?api=1&query=Bardeni-Caldeni+Clot%2C+Barcelona+Barcelona,"Clot, Barcelona",08027,Clot
1047,Prodigi Restaurant,Mediterranean,,,https://www.google.com/maps/search/?api=1&query=Prodigi+Restaurant+Clot%2C+Barcelona+Barcelona,"Clot, Barcelona",08027,Clot
1048,Diegos Bar Restaurant,Spanish,,,https://www.google.com/maps/search/?api=1&query=Diegos+Bar+Restaurant+Clot%2C+Barcelona+Barcelona,"Clot, Barcelona",08026,Clot
1049,Restaurant Sant Martí,Mediterranean,https://santmarti-restaurant.es/,,https://www.google.com/maps/search/?api=1&query=Restaurant+Sant+Mart%C3%AD+Sant+Mart%C3%AD%2C+Barcelona+Barcelona,"Sant Martí, Barcelona",08005,Sant Martí
1050,Aürt Barcelona,Mediterranean,,,https://www.google.com/maps/search/?api=1&query=A%C3%BCrt+Barcelona+Sant+Mart%C3%AD%2C+Barcelona+Barcelona,"Sant Martí, Barcelona",08005,Sant Martí
1051,Enoteca Paco Pérez,Seafood,,,https://www.google.com/maps/search/?api=1&query=Enoteca+Paco+P%C3%A9rez+Sant+Mart%C3%AD%2C+Barcelona+Barcelona,"Sant Martí, Barcelona",08020,Sant Martí
1052,Muysca Barcelona,Colombian,,,https://www.google.com/maps/search/?api=1&query=Muysca+Barcelona+Sant+Mart%C3%AD%2C+Barcelona+Barcelona,"Sant Martí, Barcelona",08005,Sant Martí
1053,Locanda del Vulture,Italian,,,https://www.google.com/maps/search/?api=1&query=Locanda+del+Vulture+Sant+Mart%C3%AD%2C+Barcelona+Barcelona,"Sant Martí, Barcelona",08019,Sant Martí
1054,Ultramarinos Marin,Spanish,,,https://www.google.com/maps/search/?api=1&query=Ultramarinos+Marin+Sarri%C3%A0-Sant+Gervasi%2C+Barcelona+Barcelona,"Sarrià-Sant Gervasi, Barcelona",08017,Sarrià-Sant Gervasi
1055,Parfum Cocktail Bar,Spanish,,,https://www.google.com/maps/search/?api=1&query=Parfum+Cocktail+Bar+Sarri%C3%A0-Sant+Gervasi%2C+Barcelona+Barcelona,"Sarrià-Sant Gervasi, Barcelona",08034,Sarrià-Sant Gervasi
1056,Som Coffee Bar,Café,,,https://www.google.com/maps/search/?api=1&query=Som+Coffee+Bar+Sarri%C3%A0-Sant+Gervasi%2C+Barcelona+Barcelona,"Sarrià-Sant Gervasi, Barcelona",08017,Sarrià-Sant Gervasi
1057,Lombarda Poblenou,Vegetarian/Vegan,,,https://www.google.com/maps/search/?api=1&query=Lombarda+Poblenou+Poblenou%2C+Barcelona+Barcelona,"Poblenou, Barcelona",08019,Poblenou
1058,Jiribilla BCN,Mexican,,,https://www.google.com/maps/search/?api=1&query=Jiribilla+BCN+Sant+Antoni%2C+Barcelona+Barcelona,"Sant Antoni, Barcelona",08015,Sant Antoni
1059,Aylul,Mediterranean,,,https://www.google.com/maps/search/?api=1&query=Aylul+Eixample%2C+Barcelona+Barcelona,"Eixample, Barcelona",08010,Eixample
1060,Parda Barcelona,Spanish,,,https://www.google.com/maps/search/?api=1&query=Parda+Barcelona+Eixample%2C+Barcelona+Barcelona,"Eixample, Barcelona",08015,Eixample
1061,GueBar,Japanese,,,https://www.google.com/maps/search/?api=1&query=GueBar+Eixample%2C+Barcelona+Barcelona,"Eixample, Barcelona",08029,Eixample
1062,Aspero,Italian,,,https://www.google.com/maps/search/?api=1&query=Aspero+Eixample%2C+Barcelona+Barcelona,"Eixample, Barcelona",08010,Eixample
1063,Hankook BBQ,Korean,,,https://www.google.com/maps/search/?api=1&query=Hankook+BBQ+Eixample%2C+Barcelona+Barcelona,"Eixample, Barcelona",08007,Eixample
1064,Bar Dijous,Catalan,,,https://www.google.com/maps/search/?api=1&query=Bar+Dijous+Eixample%2C+Barcelona+Barcelona,"Eixample, Barcelona",08036,Eixample
1065,New Pamb,Catalan,,,https://www.google.com/maps/search/?api=1&query=New+Pamb+Eixample%2C+Barcelona+Barcelona,"Eixample, Barcelona",08036,Eixample
1066,L'Actiu,Mediterranean,,,https://www.google.com/maps/search/?api=1&query=L%27Actiu+Eixample%2C+Barcelona+Barcelona,"Eixample, Barcelona",08007,Eixample
1067,La Muscleria,Seafood,,,https://www.google.com/maps/search/?api=1&query=La+Muscleria+Eixample%2C+Barcelona+Barcelona,"Eixample, Barcelona",08036,Eixample
1068,Bar Copèrnic,Mediterranean,,,https://www.google.com/maps/search/?api=1&query=Bar+Cop%C3%A8rnic+Eixample%2C+Barcelona+Barcelona,"Eixample, Barcelona",08010,Eixample
1069,El Tastet de l'Artur,Catalan,,,https://www.google.com/maps/search/?api=1&query=El+Tastet+de+l%27Artur+Sagrada+Fam%C3%ADlia%2C+Barcelona+Barcelona,"Sagrada Família, Barcelona",08026,Sagrada Família
1070,Madre Taberna Moderna,Spanish,,,https://www.google.com/maps/search/?api=1&query=Madre+Taberna+Moderna+Sagrada+Fam%C3%ADlia%2C+Barcelona+Barcelona,"Sagrada Família, Barcelona",08013,Sagrada Família
1071,Papanato Sagrada Familia,Argentine,,,https://www.google.com/maps/search/?api=1&query=Papanato+Sagrada+Familia+Sagrada+Fam%C3%ADlia%2C+Barcelona+Barcelona,"Sagrada Família, Barcelona",08013,Sagrada Família
1072,UMO Barcelona,Japanese,,,https://www.google.com/maps/search/?api=1&query=UMO+Barcelona+Sarri%C3%A0-Sant+Gervasi%2C+Barcelona+Barcelona,"Sarrià-Sant Gervasi, Barcelona",08034,Sarrià-Sant Gervasi
1073,La Marimandona,Mediterranean,,,https://www.google.com/maps/search/?api=1&query=La+Marimandona+Sarri%C3%A0-Sant+Gervasi%2C+Barcelona+Barcelona,"Sarrià-Sant Gervasi, Barcelona",08006,Sarrià-Sant Gervasi
1074,Pino All Day Bar,Café,,,https://www.google.com/maps/search/?api=1&query=Pino+All+Day+Bar+Sarri%C3%A0-Sant+Gervasi%2C+Barcelona+Barcelona,"Sarrià-Sant Gervasi, Barcelona",08006,Sarrià-Sant Gervasi
1075,Fonda Balmes,Catalan,,,https://www.google.com/maps/search/?api=1&query=Fonda+Balmes+Sarri%C3%A0-Sant+Gervasi%2C+Barcelona+Barcelona,"Sarrià-Sant Gervasi, Barcelona",08034,Sarrià-Sant Gervasi
1076,La Taverna Gallega de Marcos,Spanish,,,https://www.google.com/maps/search/?api=1&query=La+Taverna+Gallega+de+Marcos+Sarri%C3%A0-Sant+Gervasi%2C+Barcelona+Barcelona,"Sarrià-Sant Gervasi, Barcelona",08034,Sarrià-Sant Gervasi
1077,El Disbarat,Catalan,,,https://www.google.com/maps/search/?api=1&query=El+Disbarat+Gr%C3%A0cia%2C+Barcelona+Barcelona,"Gràcia, Barcelona",08025,Gràcia
1078,Siberia Poblenou,Mediterranean,,,https://www.google.com/maps/search/?api=1&query=Siberia+Poblenou+Poblenou%2C+Barcelona+Barcelona,"Poblenou, Barcelona",08005,Poblenou
1079,Sra. Dolores,Spanish,,,https://www.google.com/maps/search/?api=1&query=Sra.+Dolores+Sant+Antoni%2C+Barcelona+Barcelona,"Sant Antoni, Barcelona",08011,Sant Antoni
1080,Bar Chiqui Sushi,Fusion,,,https://www.google.com/maps/search/?api=1&query=Bar+Chiqui+Sushi+Sant+Antoni%2C+Barcelona+Barcelona,"Sant Antoni, Barcelona",08011,Sant Antoni
1081,Lora SLS Barcelona,Lebanese,,,https://www.google.com/maps/search/?api=1&query=Lora+SLS+Barcelona+Barri+G%C3%B2tic%2C+Barcelona+Barcelona,"Barri Gòtic, Barcelona",08002,Barri Gòtic
1082,Voro at Veraz,Mediterranean,,,https://www.google.com/maps/search/?api=1&query=Voro+at+Veraz+Barri+G%C3%B2tic%2C+Barcelona+Barcelona,"Barri Gòtic, Barcelona",08002,Barri Gòtic
1083,Dagma Barcelona,Mediterranean,,,https://www.google.com/maps/search/?api=1&query=Dagma+Barcelona+El+Born%2C+Barcelona+Barcelona,"El Born, Barcelona",08003,El Born
1084,Que Bo Raval,Middle Eastern,,,https://www.google.com/maps/search/?api=1&query=Que+Bo+Raval+El+Raval%2C+Barcelona+Barcelona,"El Raval, Barcelona",08001,El Raval
1085,Lora at Camp Nou,Mediterranean,,,https://www.google.com/maps/search/?api=1&query=Lora+at+Camp+Nou+Les+Corts%2C+Barcelona+Barcelona,"Les Corts, Barcelona",08028,Les Corts
1086,Falamanki,Lebanese,,,https://www.google.com/maps/search/?api=1&query=Falamanki+Eixample%2C+Barcelona+Barcelona,"Eixample, Barcelona",08009,Eixample
1087,Ramen House Barcelona,Japanese,,,https://www.google.com/maps/search/?api=1&query=Ramen+House+Barcelona+Eixample%2C+Barcelona+Barcelona,"Eixample, Barcelona",08011,Eixample
1088,Ikenoan,Japanese,,,https://www.google.com/maps/search/?api=1&query=Ikenoan+Eixample%2C+Barcelona+Barcelona,"Eixample, Barcelona",08008,Eixample
1089,Just Coffee BCN,Café,,,https://www.google.com/maps/search/?api=1&query=Just+Coffee+BCN+Eixample%2C+Barcelona+Barcelona,"Eixample, Barcelona",08010,Eixample
1090,Mooi Matcha,Café,,,https://www.google.com/maps/search/?api=1&query=Mooi+Matcha+Sagrada+Fam%C3%ADlia%2C+Barcelona+Barcelona,"Sagrada Família, Barcelona",08025,Sagrada Família
1091,Mayombe Barcelona,Cuban,,,https://www.google.com/maps/search/?api=1&query=Mayombe+Barcelona+Eixample%2C+Barcelona+Barcelona,"Eixample, Barcelona",08009,Eixample
1092,El Tastet de la Rambla,Catalan,,,https://www.google.com/maps/search/?api=1&query=El+Tastet+de+la+Rambla+Barri+G%C3%B2tic%2C+Barcelona+Barcelona,"Barri Gòtic, Barcelona",08002,Barri Gòtic
1093,Flax&Kale,Vegetarian/Vegan,https://flaxandkale.com/,+34 933175664,https://www.google.com/maps/search/?api=1&query=Flax%26Kale+C%2F+dels+Tallers%2C+74b%2C+08001+Barcelona+Barcelona,"C/ dels Tallers, 74b, 08001 Barcelona",08001,El Raval
1094,El Asador de Aranda Tibidabo,Catalan,https://asadordearanda.com/,+34 934170115,https://www.google.com/maps/search/?api=1&query=El+Asador+de+Aranda+Tibidabo+Av.+del+Tibidabo%2C+31%2C+08035+Barcelona+Barcelona,"Av. del Tibidabo, 31, 08035 Barcelona",08006,Sarrià-Sant Gervasi
1095,Ramen Ya Hiro,Japanese,,,https://www.google.com/maps/search/?api=1&query=Ramen+Ya+Hiro+Eixample%2C+Barcelona+Barcelona,"Eixample, Barcelona",08009,Eixample
1096,Gelato Lab,Italian,,,https://www.google.com/maps/search/?api=1&query=Gelato+Lab+Eixample%2C+Barcelona+Barcelona,"Eixample, Barcelona",08009,Eixample
1097,La Bodegueta Provença,Spanish,,,https://www.google.com/maps/search/?api=1&query=La+Bodegueta+Proven%C3%A7a+Eixample%2C+Barcelona+Barcelona,"Eixample, Barcelona",08011,Eixample
1098,Casa Amàlia,Catalan,,,https://www.google.com/maps/search/?api=1&query=Casa+Am%C3%A0lia+Eixample%2C+Barcelona+Barcelona,"Eixample, Barcelona",08036,Eixample
1099,Les Truites,Spanish,,,https://www.google.com/maps/search/?api=1&query=Les+Truites+Eixample%2C+Barcelona+Barcelona,"Eixample, Barcelona",08010,Eixample
1100,Da Greco,Italian,,,https://www.google.com/maps/search/?api=1&query=Da+Greco+Eixample%2C+Barcelona+Barcelona,"Eixample, Barcelona",08029,Eixample
1101,El Filete Ruso,Spanish,,,https://www.google.com/maps/search/?api=1&query=El+Filete+Ruso+Eixample%2C+Barcelona+Barcelona,"Eixample, Barcelona",08010,Eixample
1102,La Plassohla,Catalan,,,https://www.google.com/maps/search/?api=1&query=La+Plassohla+Eixample%2C+Barcelona+Barcelona,"Eixample, Barcelona",08008,Eixample
1103,La Nena Gràcia,Café,,,https://www.google.com/maps/search/?api=1&query=La+Nena+Gr%C3%A0cia+Gr%C3%A0cia%2C+Barcelona+Barcelona,"Gràcia, Barcelona",08012,Gràcia
1104,La Vermutería del Tano,Spanish,,,https://www.google.com/maps/search/?api=1&query=La+Vermuter%C3%ADa+del+Tano+Gr%C3%A0cia%2C+Barcelona+Barcelona,"Gràcia, Barcelona",08024,Gràcia
1105,Tunateca Balfegó,Seafood,,,https://www.google.com/maps/search/?api=1&query=Tunateca+Balfeg%C3%B3+Gr%C3%A0cia%2C+Barcelona+Barcelona,"Gràcia, Barcelona",08024,Gràcia
1106,Casa Leopoldo,Catalan,https://casaleopoldo.com/,+34 933127385,https://www.google.com/maps/search/?api=1&query=Casa+Leopoldo+C%2F+de+Sant+Rafael%2C+24+Barcelona,"C/ de Sant Rafael, 24",08001,El Raval
1107,El Pla dels Àngels,Mediterranean,,,https://www.google.com/maps/search/?api=1&query=El+Pla+dels+%C3%80ngels+El+Raval%2C+Barcelona+Barcelona,"El Raval, Barcelona",08001,El Raval
1108,Ca l Isidre,Catalan,,,https://www.google.com/maps/search/?api=1&query=Ca+l+Isidre+El+Raval%2C+Barcelona+Barcelona,"El Raval, Barcelona",08001,El Raval
1109,La Llesca del Born Poblenou,Spanish,,,https://www.google.com/maps/search/?api=1&query=La+Llesca+del+Born+Poblenou+Poblenou%2C+Barcelona+Barcelona,"Poblenou, Barcelona",08005,Poblenou
1110,Boo Restaurant,Mediterranean,,,https://www.google.com/maps/search/?api=1&query=Boo+Restaurant+Poblenou%2C+Barcelona+Barcelona,"Poblenou, Barcelona",08018,Poblenou
1111,The Green Spot,Vegetarian/Vegan,,,https://www.google.com/maps/search/?api=1&query=The+Green+Spot+Poblenou%2C+Barcelona+Barcelona,"Poblenou, Barcelona",08019,Poblenou
1112,Cal Pep Born,Seafood,https://www.calpep.com/,+34 933107961,https://www.google.com/maps/search/?api=1&query=Cal+Pep+Born+Pla%C3%A7a+de+les+Olles%2C+8+Barcelona,"Plaça de les Olles, 8",08003,El Born
1113,Quimet i Quimet Poble Sec,Spanish,https://www.quimetquimet.com/,+34 934423142,https://www.google.com/maps/search/?api=1&query=Quimet+i+Quimet+Poble+Sec+C%2F+del+Poeta+Cabanyes%2C+25+Barcelona,"C/ del Poeta Cabanyes, 25",08004,Poble Sec
1114,Tickets Successor,Spanish,,,https://www.google.com/maps/search/?api=1&query=Tickets+Successor+Poble+Sec%2C+Barcelona+Barcelona,"Poble Sec, Barcelona",08004,Poble Sec
1115,Casa Pagès Sants,Catalan,,,https://www.google.com/maps/search/?api=1&query=Casa+Pag%C3%A8s+Sants+Sants%2C+Barcelona+Barcelona,"Sants, Barcelona",08028,Sants
1116,Restaurant Nou Barris,Catalan,,,https://www.google.com/maps/search/?api=1&query=Restaurant+Nou+Barris+Nou+Barris%2C+Barcelona+Barcelona,"Nou Barris, Barcelona",08042,Nou Barris
1117,El Cim del Nord,Mediterranean,,,https://www.google.com/maps/search/?api=1&query=El+Cim+del+Nord+Nou+Barris%2C+Barcelona+Barcelona,"Nou Barris, Barcelona",08031,Nou Barris
1118,La Cuina de Sant Andreu,Catalan,,,https://www.google.com/maps/search/?api=1&query=La+Cuina+de+Sant+Andreu+Sant+Andreu%2C+Barcelona+Barcelona,"Sant Andreu, Barcelona",08030,Sant Andreu
1119,El Petit Andreu,Spanish,,,https://www.google.com/maps/search/?api=1&query=El+Petit+Andreu+Sant+Andreu%2C+Barcelona+Barcelona,"Sant Andreu, Barcelona",08030,Sant Andreu
1120,El Racó del Clot,Catalan,,,https://www.google.com/maps/search/?api=1&query=El+Rac%C3%B3+del+Clot+Clot%2C+Barcelona+Barcelona,"Clot, Barcelona",08026,Clot
1121,Casa de Tapes Cañota SF,Spanish,,,https://www.google.com/maps/search/?api=1&query=Casa+de+Tapes+Ca%C3%B1ota+SF+Sagrada+Fam%C3%ADlia%2C+Barcelona+Barcelona,"Sagrada Família, Barcelona",08026,Sagrada Família
1122,Il Forno di Sabatini,Italian,,,https://www.google.com/maps/search/?api=1&query=Il+Forno+di+Sabatini+Sagrada+Fam%C3%ADlia%2C+Barcelona+Barcelona,"Sagrada Família, Barcelona",08013,Sagrada Família
1123,La Flauta Sagrada Família,Mediterranean,,,https://www.google.com/maps/search/?api=1&query=La+Flauta+Sagrada+Fam%C3%ADlia+Sagrada+Fam%C3%ADlia%2C+Barcelona+Barcelona,"Sagrada Família, Barcelona",08026,Sagrada Família
1124,Roca Moo,Mediterranean,,,https://www.google.com/maps/search/?api=1&query=Roca+Moo+Eixample%2C+Barcelona+Barcelona,"Eixample, Barcelona",08007,Eixample
1125,Pur Eixample,Mediterranean,,,https://www.google.com/maps/search/?api=1&query=Pur+Eixample+Eixample%2C+Barcelona+Barcelona,"Eixample, Barcelona",08007,Eixample
1126,La Boqueria Market Bar,Spanish,https://boqueria.barcelona/,+34 934132303,https://www.google.com/maps/search/?api=1&query=La+Boqueria+Market+Bar+La+Rambla%2C+91+Barcelona,"La Rambla, 91",08001,El Raval
1127,Cañete Barcelona,Spanish,https://barcanete.com/,+34 932703458,https://www.google.com/maps/search/?api=1&query=Ca%C3%B1ete+Barcelona+C%2F+de+la+Uni%C3%B3%2C+17+Barcelona,"C/ de la Unió, 17",08001,El Raval
1128,Koy Shunka Gòtic,Japanese,,,https://www.google.com/maps/search/?api=1&query=Koy+Shunka+G%C3%B2tic+Barri+G%C3%B2tic%2C+Barcelona+Barcelona,"Barri Gòtic, Barcelona",08002,Barri Gòtic
1129,Sagardi Barcelona,Basque,https://www.sagardi.com/,+34 933199993,https://www.google.com/maps/search/?api=1&query=Sagardi+Barcelona+C%2F+de+l%27Argenteria%2C+62+Barcelona,"C/ de l'Argenteria, 62",08003,El Born
1130,Ferrum Restaurant,Mediterranean,https://ferrumrestaurant.com/,+34 933101230,https://www.google.com/maps/search/?api=1&query=Ferrum+Restaurant+C%2F+de+la+Fusina%2C+11+Barcelona,"C/ de la Fusina, 11",08002,Barri Gòtic
1131,La Basculla,Vegetarian/Vegan,https://labasculla.cat/,+34 933189098,https://www.google.com/maps/search/?api=1&query=La+Basculla+C%2F+de+la+Flassaders%2C+30+Barcelona,"C/ de la Flassaders, 30",08003,El Born
1132,Can Toni,Catalan,,+34 934315135,https://www.google.com/maps/search/?api=1&query=Can+Toni+C%2F+de+la+Creu+Coberta%2C+46+Barcelona,"C/ de la Creu Coberta, 46",08014,Sants
1133,Bar Leo,Spanish,,+34 934431011,https://www.google.com/maps/search/?api=1&query=Bar+Leo+C%2F+de+Blai%2C+59+Barcelona,"C/ de Blai, 59",08004,Poble Sec
1134,Oleum MNAC,Mediterranean,https://oleumrestaurant.com/,+34 932890679,https://www.google.com/maps/search/?api=1&query=Oleum+MNAC+Palau+Nacional%2C+Parc+de+Montju%C3%AFc+Barcelona,"Palau Nacional, Parc de Montjuïc",08004,Poble Sec
1135,Kaiku Barceloneta,Seafood,http://restaurantkaiku.cat/,+34 932219082,https://www.google.com/maps/search/?api=1&query=Kaiku+Barceloneta+Barceloneta%2C+Barcelona+Barcelona,"Barceloneta, Barcelona",08003,Barceloneta
1136,Filferro Barcelona,Mediterranean,,+34 936240149,https://www.google.com/maps/search/?api=1&query=Filferro+Barcelona+Pg.+de+Joan+de+Borb%C3%B3%2C+22+Barcelona,"Pg. de Joan de Borbó, 22",08003,Barceloneta
1137,Estimar Barcelona,Seafood,https://estimar.cat/,+34 932079256,https://www.google.com/maps/search/?api=1&query=Estimar+Barcelona+C%2F+de+Mallorca%2C+213+Barcelona,"C/ de Mallorca, 213",08010,Eixample
1138,Bacaro Venice Wine Bar,Italian,,,https://www.google.com/maps/search/?api=1&query=Bacaro+Venice+Wine+Bar+El+Born%2C+Barcelona+Barcelona,"El Born, Barcelona",08003,El Born
1139,La Ribera Born Tapas,Spanish,,,https://www.google.com/maps/search/?api=1&query=La+Ribera+Born+Tapas+El+Born%2C+Barcelona+Barcelona,"El Born, Barcelona",08003,El Born
1140,La Cuina del Raval,Catalan,,,https://www.google.com/maps/search/?api=1&query=La+Cuina+del+Raval+El+Raval%2C+Barcelona+Barcelona,"El Raval, Barcelona",08001,El Raval
1141,Restaurante Sagrada Familia,Mediterranean,,,https://www.google.com/maps/search/?api=1&query=Restaurante+Sagrada+Familia+Sagrada+Fam%C3%ADlia%2C+Barcelona+Barcelona,"Sagrada Família, Barcelona",08013,Sagrada Família
1142,El Rincón de Gràcia,Spanish,,,https://www.google.com/maps/search/?api=1&query=El+Rinc%C3%B3n+de+Gr%C3%A0cia+Gr%C3%A0cia%2C+Barcelona+Barcelona,"Gràcia, Barcelona",08025,Gràcia
1143,Bormuth Born,Spanish,,,https://www.google.com/maps/search/?api=1&query=Bormuth+Born+Barcelona,"C/ del Rec, 157",08003,El Born
1144,Picnic Born,Vegetarian/Vegan,,,https://www.google.com/maps/search/?api=1&query=Picnic+Born+Barcelona,"C/ del Comerç, 1",08003,El Born
1145,Restaurant El Clot,Spanish,,,https://www.google.com/maps/place/Restaurant+El+Clot/data=!4m7!3m6!1s0x12a4a3265a9089c5:0x44e15768a1ec8c21!8m2!3d41.408839!4d2.18753,"Carrer d'Aragó, 600",,Clot
1146,Restaurante Sol,Spanish,,,https://www.google.com/maps/place/Restaurante+Sol/data=!4m7!3m6!1s0x12a4a32f5331c6d5:0x39d868e65d7b09f5!8m2!3d41.4108352!4d2.189277,"Carrer del Clot, 127",,Clot
1147,La Clote de Clot,Spanish,,,https://www.google.com/maps/place/La+Clote+de+Clot/data=!4m7!3m6!1s0x12a4a3268b6846e7:0x239629bd34e94145!8m2!3d41.4077221!4d2.1880701,"Carrer del Clot, 49",,Clot
1148,LA BIGA,Spanish,,,https://www.google.com/maps/place/LA+BIGA/data=!4m7!3m6!1s0x12a4a327ff91725d:0xae7cd87684b9982a!8m2!3d41.411334!4d2.1893403,"Carrer del Clot, 137",,Clot
1149,La Margui,Spanish,,,https://www.google.com/maps/place/La+Margui/data=!4m7!3m6!1s0x12a4a328c85734c3:0x69aa75701a5bd81d!8m2!3d41.4069656!4d2.1864878,"Avinguda Meridiana, 97",,Clot
1150,Platillo Volador,Spanish,,,https://www.google.com/maps/place/Platillo+Volador/data=!4m7!3m6!1s0x12a4a364be9527e7:0x5761609d5f47c62b!8m2!3d41.4089433!4d2.1886152,"Carrer del Clot, 75",,Clot
1151,Bar Restaurante Secho's,Spanish,,,https://www.google.com/maps/place/Bar+Restaurante+Secho's/data=!4m7!3m6!1s0x12a4a37877e753bd:0xe9fe43f117b107e1!8m2!3d41.4071613!4d2.1907998,"Carrer de la Llacuna, 167",,Clot
1152,NANA restaurante - brasa,Spanish,,,https://www.google.com/maps/place/NANA+restaurante+-+brasa+Charcoal+Grill/data=!4m7!3m6!1s0x12a4a3268f73a06b:0xad20b4f7fed834aa!8m2!3d41.407634!4d2.189183,"Plaça del Mercat, 20",,Clot
1153,El Patio de mi Casa,Spanish,,,https://www.google.com/maps/place/El+Patio+de+mi+Casa/data=!4m7!3m6!1s0x12a4a32698dcb1eb:0x12cc38232c06459d!8m2!3d41.4069141!4d2.188879,"Carrer del Coronel Sanfeliu, 17",,Clot
1154,NATURY Brunch,Spanish,,,https://www.google.com/maps/place/NATURY+Brunch/data=!4m7!3m6!1s0x12a4a3f214619d55:0x5ee5647a742a2b91!8m2!3d41.4085275!4d2.1883617,"Carrer del Clot, 69",,Clot
1155,Alevoso Bar,Spanish,,,https://www.google.com/maps/place/Alevoso+Bar/data=!4m7!3m6!1s0x12a4a37f0a5ff7ab:0x1d94181411b6991!8m2!3d41.4077294!4d2.1883778,"Carrer del Clot, 64",,Clot
1156,Aretapas Barcelona,Spanish,,,https://www.google.com/maps/place/Aretapas+Barcelona/data=!4m7!3m6!1s0x12a4a30bbef169af:0x3faaa8c33eab7dc0!8m2!3d41.4116595!4d2.1896056,"Carrer del Clot, 139",,Clot
1157,Il Palato - Restaurante y Charcutería Italiana,Spanish,,,https://www.google.com/maps/place/Il+Palato/data=!4m7!3m6!1s0x12a4a3478c0d65bf:0x9029cd4cbf0fc4d0!8m2!3d41.4089508!4d2.1888618,"Carrer del Clot, 100, local 2",,Clot
1158,Salamat Clot,Spanish,,,https://www.google.com/maps/place/Salamat+Clot/data=!4m7!3m6!1s0x12a4a3dfb74626c3:0x72eacb84d866dadf!8m2!3d41.4077002!4d2.1845397,"Carrer dels Enamorats, 130",,Clot
1159,La Lomita Bar Restaurante,Spanish,,,https://www.google.com/maps/place/La+Lomita+Bar+Restaurante/data=!4m7!3m6!1s0x12a4a3a81388cf11:0x9bf09c44ad958a3c!8m2!3d41.4126289!4d2.1862223,"Carrer de la Nació, 6",,Clot
1160,L'Olivera,Spanish,,,https://www.google.com/maps/place/L'Olivera/data=!4m7!3m6!1s0x12a4a324021c6c0f:0x648b1fff21a12203!8m2!3d41.4058963!4d2.1893331,"Carrer dels Escultors Claperós, 39",,Clot
1161,La Fame,Spanish,,,https://www.google.com/maps/place/La+Fame/data=!4m7!3m6!1s0x12a4a3ae8a67e337:0x9b27277d73c1742c!8m2!3d41.4064961!4d2.186065,"Carrer del Consell de Cent, 621",,Clot
1162,Clot Kebab Restaurante,Spanish,,,https://www.google.com/maps/place/Clot+Kebab+Resurante/data=!4m7!3m6!1s0x12a4a3a6df74ed0d:0x2574652a318c8200!8m2!3d41.4082027!4d2.1875391,"Carrer de la Sèquia Comtal, 13, LOCAL 2",,Clot
1163,Dolsotbap,Spanish,,,https://www.google.com/maps/place/Dolsotbap/data=!4m7!3m6!1s0x12a4a32672c89ac1:0xa1c82eba5f2cb6c1!8m2!3d41.409207!4d2.1887185,"Carrer del Clot, 85",,Clot
1164,Restaurant La Llama,Spanish,,,https://www.google.com/maps/place/Restaurant+La+Llama/data=!4m7!3m6!1s0x12a4a2d626cadc57:0x576a15f2ecb85bb7!8m2!3d41.4140205!4d2.1842043,"Carrer de Besalú, 44",,Clot
1165,El Brases,Spanish,,,https://www.google.com/maps/place/El+Brases/data=!4m7!3m6!1s0x12a4a3942866f13b:0x906dd6c007c8b505!8m2!3d41.4089231!4d2.1847721,"Carrer de València, 589",,Clot
1166,Portio,Spanish,,,https://www.google.com/maps/place/Portio/data=!4m7!3m6!1s0x12a4a3408cf35d47:0x5959ed68b1f33801!8m2!3d41.4078524!4d2.1894792,"Carrer dels Escultors Claperós, 14",,Clot
1167,La Taqueria,Spanish,,,https://www.google.com/maps/place/La+Taqueria/data=!4m7!3m6!1s0x12a4a3d6e447dd47:0x2c8d6520dbd900!8m2!3d41.4080831!4d2.1895269,"Carrer dels Escultors Claperós, 8",,Clot
1168,La Pala Clot,Spanish,,,https://www.google.com/maps/place/La+Pala+Clot/data=!4m7!3m6!1s0x12a4a3b7a8b59d73:0xf26000a03b5d16d0!8m2!3d41.4087899!4d2.1863733,"Carrer de Rogent, 6",,Clot
1169,Fortaleza Del Clot,Spanish,,,https://www.google.com/maps/place/Fortaleza+Del+Clot/data=!4m7!3m6!1s0x12a4a32700e8ac45:0xcdc47f07eec2a866!8m2!3d41.4079191!4d2.1865726,"Avinguda Meridiana, 111",,Clot
1170,Chef bar restaurant,Spanish,,,https://www.google.com/maps/place/Chef+bar+restaurant/data=!4m7!3m6!1s0x12a4a30014779c47:0x99dca6f9984cec66!8m2!3d41.4080102!4d2.188551,"Plaça de Font i Sagué, 3",,Clot
1171,Imperdible,Spanish,,,https://www.google.com/maps/place/Imperdible/data=!4m7!3m6!1s0x12a4a31732c2975f:0x11f5c79e94a76b31!8m2!3d41.4085776!4d2.1884972,"Carrer del Clot, 71",,Clot
1172,Empanades casolanes iaia Celia,Spanish,,,https://www.google.com/maps/place/Empanades+casolanes+iaia+Celia+Clot/data=!4m7!3m6!1s0x12a4a32613aeaaab:0x7980dad6b08a1ff!8m2!3d41.4094542!4d2.1883413,"Carrer d'Aragó, 612",,Clot
1173,La Tasca de Pancho,Spanish,,,https://www.google.com/maps/place/La+Tasca+de+Pancho/data=!4m7!3m6!1s0x12a4a3fb9cc844f9:0xafa142dc3782591d!8m2!3d41.4121095!4d2.1897842,"Carrer del Clot, 155",,Clot
1174,Casa Xef,Other,,+34 679 78 10 92,https://www.google.com/maps/search/?api=1&query=Casa+Xef++Barcelona,"Carrer de les Guilleries, 17, Gràcia, 08012 Barcelona",08012,Eixample
1175,Brasa Gaucha Grill,Argentine,,+34 697 91 68 31,https://www.google.com/maps/search/?api=1&query=Brasa+Gaucha+Grill+Carrer+de+Margarit%2C+31+Barcelona,"Carrer de Margarit, 31, 08004 Barcelona",08004,Poble Sec
1176,La Tata,Mediterranean,https://latatabarcelona.es/,+34 934 26 22 87,https://www.google.com/maps/search/?api=1&query=La+Tata+Carrer+de+Cal%C3%A0bria%2C+69+Barcelona,"Carrer de Calabria, 69, 08015 Barcelona",08015,Eixample
1177,Maiks,Café,,+34 670 77 99 75,https://www.google.com/maps/search/?api=1&query=Maiks+Carrer+de+Pujades%2C+207+Barcelona,"Carrer de Pujades, 207, 08005 Barcelona",08005,Poblenou
1178,SALTA FOOD ZONA FRANCA,Argentine,http://saltafood.com/,+34 665 78 73 59,https://www.google.com/maps/search/?api=1&query=SALTA+FOOD+ZONA+FRANCA+Carrer+de+la+Mare+de+D%C3%A9u+de+Port%2C+90+Barcelona,"Carrer de la Mare de Deu de Port, 90, 08038 Barcelona",08038,Sants
1179,Sushi He - Urgell,Japanese,https://www.sushiherestaurant.com/,+34 936 83 77 57,https://www.google.com/maps/search/?api=1&query=Sushi+He+-+Urgell+Carrer+del+Comte+d%27Urgell%2C+174+Barcelona,"Carrer del Comte d Urgell, 174, 08036 Barcelona",08036,Eixample
1180,Rasa,Indian,https://rasabarcelona.com/,+34 931 97 51 84,https://www.google.com/maps/search/?api=1&query=Rasa+Carrer+de+Josep+Anselm+Clav%C3%A9%2C+11+Barcelona,"Carrer de Josep Anselm Clave, 11, 08002 Barcelona",08002,Barri Gòtic
1181,Barcelona Grill Steak House,Argentine,,+34 625 12 60 61,https://www.google.com/maps/search/?api=1&query=Barcelona+Grill+Steak+House+Carrer+del+Rec+Comtal%2C+7+Barcelona,"Carrer del Rec Comtal, 7, 08003 Barcelona",08003,El Born
1182,Don Brasa Asador Argentino,Argentine,,+34 682 51 91 60,https://www.google.com/maps/search/?api=1&query=Don+Brasa+Asador+Argentino+Carrer+del+Poeta+Cabanyes%2C+19+Barcelona,"Carrer del Poeta Cabanyes, 19, 08004 Barcelona",08004,Poble Sec
1183,Papadam Indian Authentic,Indian,https://www.papadam.es/,+34 931 43 85 56,https://www.google.com/maps/search/?api=1&query=Papadam+Indian+Authentic+Ronda+de+Sant+Pau%2C+11+Barcelona,"Rda. de Sant Pau, 11, 08015 Barcelona",08015,El Raval
1184,Asado Central Barcelona,Argentine,https://asado-central.eatbu.com/?lang=es,+34 632 06 08 32,https://www.google.com/maps/search/?api=1&query=Asado+Central+Barcelona+Pg.+Sant+Antoni%2C+23+Barcelona,"Pg. Sant Antoni, 23, 08014 Barcelona",08014,Sant Antoni
1185,La Criolla Asador,Argentine,,+34 697 91 68 31,https://www.google.com/maps/search/?api=1&query=La+Criolla+Asador+Carrer+de+Margarit%2C+13+Barcelona,"Carrer de Margarit, 13, 08004 Barcelona",08004,Poble Sec
1186,Noush Bcn,Fusion,https://noush.es/,+34 694 25 24 01,https://www.google.com/maps/search/?api=1&query=Noush+Bcn+Carrer+d%27Olzinelles%2C+100+Barcelona,"Carrer d Olzinelles, 100, 08014 Barcelona",08014,Sants
1187,Fiorito Estilo Argentino,Argentine,https://fioritoestiloargentino.makro.rest/,+34 692 12 41 56,https://www.google.com/maps/search/?api=1&query=Fiorito+Estilo+Argentino+Carrer+de+Rocafort%2C+29+Barcelona,"Carrer de Rocafort, 29, 08015 Barcelona",08015,Eixample
1188,Petit Muu,Fusion,https://petitmuu.es/,+34 608 63 30 36,https://www.google.com/maps/search/?api=1&query=Petit+Muu+Pl.+del+Dr.+Letamendi%2C+28+Barcelona,"Pl. del Dr. Letamendi, 28, 08007 Barcelona",08007,Eixample
1189,Parra Grill Asador Argentino,Argentine,,+34 627 30 28 61,https://www.google.com/maps/search/?api=1&query=Parra+Grill+Asador+Argentino+Carrer+de+Villarroel%2C+181+Barcelona,"Carrer de Villarroel, 181, 08036 Barcelona",08036,Eixample
1190,Braseria Barcelona,Argentine,,+34 634 96 92 50,https://www.google.com/maps/search/?api=1&query=Braseria+Barcelona+Carrer+d%27Arag%C3%B3%2C+364+Barcelona,"Carrer d Arago, 364, 08009 Barcelona",08009,Eixample
1191,Viatger Café Brunch,Café,https://www.privateaser.es/local/52351-Viatger-Cafe,+34 622 29 14 84,https://www.google.com/maps/search/?api=1&query=Viatger+Caf%C3%A9+Brunch+Carrer+de+la+Diputaci%C3%B3%2C+377+Barcelona,"Carrer de la Diputacio, 377, 08013 Barcelona",08013,Eixample
1192,Julivert Meu Restaurante,Catalan,http://www.julivertmeu.com/,+34 932 46 42 62,https://www.google.com/maps/search/?api=1&query=Julivert+Meu+Restaurante+Carrer+del+Bonsucc%C3%A9s%2C+7+Barcelona,"Carrer del Bonsuccés, 7",,El Raval
1193,La Alhambra,Indian,https://alhambrarestaurant.es/,,https://www.google.com/maps/search/?api=1&query=La+Alhambra+Rda.+de+Sant+Pau%2C+48+Barcelona,"Rda. de Sant Pau, 48, 08001 Barcelona",08001,El Raval
1194,Nineteen Restaurant - Olivia Plaza Hotel,Mediterranean,http://www.oliviaplazahotel.com/nineteen-restaurant,+34 933 16 87 00,https://www.google.com/maps/search/?api=1&query=Nineteen+Restaurant+-+Olivia+Plaza+Hotel+Pl.+de+Catalunya%2C+19+Barcelona,"Olivia Plaza Hotel, Pl. de Catalunya, 19, 08002 Barcelona",08002,Eixample
1195,Grill Argento Steakhouse,Argentine,,+34 931 43 04 35,https://www.google.com/maps/search/?api=1&query=Grill+Argento+Steakhouse+Carrer+del+Bou+de+Sant+Pere%2C+13+Barcelona,"Carrer del Bou de Sant Pere, 13",,El Born
1196,Sway Soul,Other,https://www.privateaser.es/local/53696-sway-soul-bar,+34 645 27 52 89,https://www.google.com/maps/search/?api=1&query=Sway+Soul++Barcelona,"Av. Diagonal, 353, Eixample, 08037 Barcelona",08037,Eixample
1197,Maysi Barcelona,Spanish,http://maysibarcelona.com/,+34 627 97 12 16,https://www.google.com/maps/search/?api=1&query=Maysi+Barcelona+Carrer+d%27Aribau%2C+159+Barcelona,"Carrer d'Aribau, 159",,Eixample
1198,Típico Asador Argentino,Argentine,,+34 931 41 89 12,https://www.google.com/maps/search/?api=1&query=T%C3%ADpico+Asador+Argentino+C.+de+Villarroel%2C+31+Barcelona,"C. de Villarroel, 31",,Eixample
1199,Bistrot Levante,Other,http://bistrotlevante.com/,+34 938 58 26 79,https://www.google.com/maps/search/?api=1&query=Bistrot+Levante++Barcelona,"Placeta de Manuel Ribé, 1, Ciutat Vella, 08002 Barcelona",08002,Eixample
1200,Restaurant Gotic,Other,https://restaurante.covermanager.com/restaurant-gotic/,+34 931 82 21 52,https://www.google.com/maps/search/?api=1&query=Restaurant+Gotic++Barcelona,"Carrer de Ferran, 30, Ciutat Vella, 08002 Barcelona",08002,Barri Gòtic
1201,WONDMO BCN,Other,,+34 936 78 87 66,https://www.google.com/maps/search/?api=1&query=WONDMO+BCN++Barcelona,"Carrer de la Diputació, 168, Eixample, 08011 Barcelona",08011,Eixample
1202,Antic Pitarra,Other,,+34 933 49 99 51,https://www.google.com/maps/search/?api=1&query=Antic+Pitarra++Barcelona,"Carrer d'Avinyó, 56, Ciutat Vella, 08002 Barcelona",08002,Eixample
1203,Mambo Sushi,Japanese,https://mambosushi.es/,+34 649 01 79 24,https://www.google.com/maps/search/?api=1&query=Mambo+Sushi++Barcelona,"Carrer de Montserrat, 13, Ciutat Vella, 08001 Barcelona",08001,Eixample
1204,Restaurante Casa Pince,Other,https://www.casapince.com/restaurante/,+34 722 46 90 65,https://www.google.com/maps/search/?api=1&query=Restaurante+Casa+Pince++Barcelona,"Carrer de Ferran, 21, Ciutat Vella, 08002 Barcelona",08002,Eixample
1205,Quo Vadis,Other,,+34 690 64 97 34,https://www.google.com/maps/search/?api=1&query=Quo+Vadis++Barcelona,"Carrer del Carme, 7, Ciutat Vella, 08001 Barcelona",08001,Eixample
1206,Don Asador,Argentine,https://app.donasador.es/inicio/,+34 661 40 45 30,https://www.google.com/maps/search/?api=1&query=Don+Asador++Barcelona,"Carrer del Comte d'Urgell, 111, Eixample, 08011 Barcelona",08011,Eixample
1207,Koh-i-Noor India Barcelona,Indian,,+34 931 79 90 48,https://www.google.com/maps/search/?api=1&query=Koh-i-Noor+India+Barcelona++Barcelona,"Carrer del Marquès de Campo Sagrado, 3, Eixample, 08015 Barcelona",08015,Eixample
1208,Pueblo Grill Steak House,Argentine,,+34 662 32 19 00,https://www.google.com/maps/search/?api=1&query=Pueblo+Grill+Steak+House+Carrer+del+Cardenal+Reig%2C+16+Barcelona,"Carrer del Cardenal Reig, 16",,Les Corts
1209,Elaichi Indian restaurant,Indian,https://elaichispain.com/,+34 933 30 26 82,https://www.google.com/maps/search/?api=1&query=Elaichi+Indian+restaurant++Barcelona,"Carrer de Floridablanca, 130, Eixample, 08011 Barcelona",08011,Eixample
1210,Olivia Bistró,Other,https://olivia-bistro.makro.rest/,+34 658 08 68 69,https://www.google.com/maps/search/?api=1&query=Olivia+Bistr%C3%B3++Barcelona,"Carrer de Viladomat, 80, Eixample, 08015 Barcelona",08015,Eixample
1211,Da Piero Ristorante Pizzeria,Italian,,+34 934 10 20 40,https://www.google.com/maps/search/?api=1&query=Da+Piero+Ristorante+Pizzeria++Barcelona,"Carrer de Viladomat, 261, Eixample, 08029 Barcelona",08029,Eixample
1212,Jay's Japanese by Gatsby,Japanese,https://www.jaysjapanese.com/,+34 931 22 36 08,https://www.google.com/maps/search/?api=1&query=Jay%27s+Japanese+by+Gatsby++Barcelona,"Carrer de Tuset, 19, Sarrià-Sant Gervasi, 08006 Barcelona",08006,Eixample
1213,Seventeen - Hotel Olivia Balmes,Other,https://www.oliviabalmeshotel.com/gastronomia/,+34 932 14 20 04,https://www.google.com/maps/search/?api=1&query=Seventeen+-+Hotel+Olivia+Balmes++Barcelona,"Ciutat Vella, 08002 Barcelona",08002,Eixample
1214,Ca Fer,Other,https://eatlink.es/cafer/,+34 652 06 85 85,https://www.google.com/maps/search/?api=1&query=Ca+Fer++Barcelona,"Carrer de Brusi, 47, 08006 Barcelona",08006,Eixample
1215,"ARiO Pizzería, Hamburguesería, Coctelería",Other,,+34 610 65 16 09,https://www.google.com/maps/search/?api=1&query=ARiO+Pizzer%C3%ADa%2C+Hamburgueser%C3%ADa%2C+Cocteler%C3%ADa++Barcelona,"Carrer de Pere Terré i Domènech, 11, Sant Andreu, 08027 Barcelona",08027,Eixample
1216,La bella vita,Italian,https://labellavita.myrestoo.net/es/reservar,+34 931 65 50 74,https://www.google.com/maps/search/?api=1&query=La+bella+vita++Barcelona,"Carrer de Bac de Roda, 84, Sant Martí, 08019 Barcelona",08019,Eixample
1217,Merce Tapas And Drinks,Spanish,,+34 652 62 67 74,https://www.google.com/maps/search/?api=1&query=Merce+Tapas+And+Drinks++Barcelona,"Carrer de la Mercè, 27, Ciutat Vella, 08004 Barcelona",08004,Eixample
1218,Maranpau Barcelona,Other,http://www.maranpau.com/,+34 931 44 89 67,https://www.google.com/maps/search/?api=1&query=Maranpau+Barcelona++Barcelona,"Rambla de Catalunya, 133, Eixample, 08008 Barcelona",08008,Eixample
1219,Samantha's,Other,https://samanthasbcn.com/,+34 933 17 61 96,https://www.google.com/maps/search/?api=1&query=Samantha%27s++Barcelona,"Pl. Reial, 12, Ciutat Vella, 08002 Barcelona",08002,Eixample
1220,The Clubhouse: Laietana & Nikki's,Other,https://thecomedyclubhouse.es/,+34 611 61 94 46,https://www.google.com/maps/search/?api=1&query=The+Clubhouse%3A+Laietana+%26+Nikki%27s++Barcelona,"Via Laietana, 6, Ciutat Vella, 08003 Barcelona",08003,Eixample
1221,The Circle,Other,https://www.bythecircle.com/,+34 613 01 26 10,https://www.google.com/maps/search/?api=1&query=The+Circle++Barcelona,"Carrer Ample, 31, Ciutat Vella, 08002 Barcelona",08002,Eixample
1222,Angus Grill Steakhouse Brasserie,Argentine,,+34 663 57 98 31,https://www.google.com/maps/search/?api=1&query=Angus+Grill+Steakhouse+Brasserie++Barcelona,"Carrer de la Diputació, 26, Eixample, 08015 Barcelona",08015,Eixample
1223,Craft Pizza Entença,Italian,http://craftpizza.cat/,+34 934 59 76 11,https://www.google.com/maps/search/?api=1&query=Craft+Pizza+Enten%C3%A7a++Barcelona,"Carrer d'Entença, 64, Eixample, 08015 Barcelona",08015,Eixample
1224,Poca-Solta - Portal de l'Àngel,Mediterranean,https://pocaxsolta.com/,+34 937 86 67 23,https://www.google.com/maps/search/?api=1&query=Poca-Solta+-+Portal+de+l%27%C3%80ngel++Barcelona,"Carrer de Duran i Bas, 3, Ciutat Vella, 08002 Barcelona",08002,Barri Gòtic
1225,Gràcia Platets i Bistró,Mediterranean,https://graciaplatetsibistro.makro.rest/,+34 654 65 41 80,https://www.google.com/maps/search/?api=1&query=Gr%C3%A0cia+Platets+i+Bistr%C3%B3++Barcelona,"Carrer de Roger de Llúria, 49, Eixample, 08009 Barcelona",08009,Gràcia
1226,Bapary Center,Other,https://baparycentar.es/,+34 935 04 61 04,https://www.google.com/maps/search/?api=1&query=Bapary+Center++Barcelona,"Carrer del Carme, 116, Ciutat Vella, 08001 Barcelona",08001,Eixample
1227,L'Amfora La Casa de la Paella,Mediterranean,https://restaurantamfora.com/,+34 626 84 63 69,https://www.google.com/maps/search/?api=1&query=L%27Amfora+La+Casa+de+la+Paella++Barcelona,"Avinguda del Paral·lel, 184, Eixample, 08015 Barcelona",08015,Eixample
1228,Tastari Mediterrani,Mediterranean,https://www.tastarimediterrani.es/,+34 930 29 95 51,https://www.google.com/maps/search/?api=1&query=Tastari+Mediterrani++Barcelona,"Carrer de Viladomat, 80, Eixample, 08015 Barcelona",08015,Eixample
1229,Concepto Nonna,Other,http://www.conceptononna.com/,+34 938 35 76 78,https://www.google.com/maps/search/?api=1&query=Concepto+Nonna++Barcelona,"Carrer de Villarroel, 245, Eixample, 08036 Barcelona",08036,Eixample
1230,216 Grammi Eixample,Other,https://216grammi.com/,+34 931 97 22 55,https://www.google.com/maps/search/?api=1&query=216+Grammi+Eixample++Barcelona,"Carrer de Provença, 99, Eixample, 08029 Barcelona",08029,Eixample
1231,Local Tapas,Spanish,,+34 645 58 15 09,https://www.google.com/maps/search/?api=1&query=Local+Tapas++Barcelona,"Carrer d'Aribau, 37, Eixample, 08011 Barcelona",08011,Eixample
1232,Pampa Grill,Argentine,,+34 930 04 49 46,https://www.google.com/maps/search/?api=1&query=Pampa+Grill++Barcelona,"Carrer de Villarroel, 88, Eixample, 08011 Barcelona",08011,Eixample
1233,Casa de Vivi - Fauna,Other,http://www.casadevivi.com/,+34 678 18 75 62,https://www.google.com/maps/search/?api=1&query=Casa+de+Vivi+-+Fauna++Barcelona,"Carrer del Duc, 15, Ciutat Vella, 08002 Barcelona",08002,Eixample
1234,La Adelita Botanero,Mexican,https://adelitabotanero.es/es,+34 931 26 69 52,https://www.google.com/maps/search/?api=1&query=La+Adelita+Botanero++Barcelona,"C/ de Muntaner, 100, Eixample, 08036 Barcelona",08036,Eixample
1235,Montesquiu,Other,https://www.elquiu.com/,+34 934 17 30 61,https://www.google.com/maps/search/?api=1&query=Montesquiu++Barcelona,"Carrer de Mandri, 56, Sarrià-Sant Gervasi, 08022 Barcelona",08022,Eixample
1236,Especiarium Bar,Other,https://www.especiariumbar.com/,+34 647 37 36 55,https://www.google.com/maps/search/?api=1&query=Especiarium+Bar++Barcelona,"Carrer de la Princesa, 29, Ciutat Vella, 08003 Barcelona",08003,Eixample
1237,Lido,Other,https://lidobarcelona.com/,+34 934 53 11 77,https://www.google.com/maps/search/?api=1&query=Lido++Barcelona,"Gran Via de les Corts Catalanes, 560, Eixample, 08011 Barcelona",08011,Eixample
1238,El Curry,Indian,http://www.elcurry.com/,+34 936 27 82 71,https://www.google.com/maps/search/?api=1&query=El+Curry++Barcelona,"Carrer del Parlament, 54, Eixample, 08015 Barcelona",08015,Eixample
1239,Foodie,Other,,+34 937 42 73 03,https://www.google.com/maps/search/?api=1&query=Foodie++Barcelona,"Carrer dels Mercaders, 28, Ciutat Vella, 08003 Barcelona",08003,Eixample
1240,El Racó Argentí,Other,,+34 685 62 94 28,https://www.google.com/maps/search/?api=1&query=El+Rac%C3%B3+Argent%C3%AD++Barcelona,"Carrer d'Europa, 18, Les Corts, 08028 Barcelona",08028,Eixample
1241,Palau del Born,Other,https://palaudelborn.com/,+34 930 47 85 02,https://www.google.com/maps/search/?api=1&query=Palau+del+Born++Barcelona,"Pla de Palau, 7, Ciutat Vella, 08003 Barcelona",08003,El Born
1242,Delicias del Caribe RD,Other,,+34 931 46 70 82,https://www.google.com/maps/search/?api=1&query=Delicias+del+Caribe+RD++Barcelona,"Carrer d'En Fontrodona, 9, Sants-Montjuïc, 08004 Barcelona",08004,Eixample
1243,Antic tapas Balmes,Spanish,https://www.privateaser.es/local/58876-Antic-Tapas-Balmes,+34 911 67 99 85,https://www.google.com/maps/search/?api=1&query=Antic+tapas+Balmes++Barcelona,"Carrer de Balmes, 203, Sarrià-Sant Gervasi, 08006 Barcelona",08006,Eixample
1244,Port Vell,Mediterranean,,,https://www.google.com/maps/search/?api=1&query=Port+Vell++Barcelona,,,Eixample
1245,Braseria Ferran,Other,,,https://www.google.com/maps/search/?api=1&query=Braseria+Ferran++Barcelona,,,Barri Gòtic
1246,Chiku Yo Tei,Other,,,https://www.google.com/maps/search/?api=1&query=Chiku+Yo+Tei++Barcelona,,,Eixample
1247,Can Mullol Bar Degustació,Other,,,https://www.google.com/maps/search/?api=1&query=Can+Mullol+Bar+Degustaci%C3%B3++Barcelona,,,Eixample
1248,Cerveceros Inquietos,Other,,,https://www.google.com/maps/search/?api=1&query=Cerveceros+Inquietos++Barcelona,,,Eixample
1249,La Platerina,Other,,,https://www.google.com/maps/search/?api=1&query=La+Platerina++Barcelona,,,Eixample
1250,El Villa - Vermutería del Mar,Other,,,https://www.google.com/maps/search/?api=1&query=El+Villa+-+Vermuter%C3%ADa+del+Mar++Barcelona,,,Eixample
1251,Momo Avinyó,Other,,,https://www.google.com/maps/search/?api=1&query=Momo+Aviny%C3%B3++Barcelona,,,Barri Gòtic
1252,Mirandoalmar,Other,,,https://www.google.com/maps/search/?api=1&query=Mirandoalmar++Barcelona,,,Eixample
1253,Bravas&Tonic,Other,,,https://www.google.com/maps/search/?api=1&query=Bravas%26Tonic++Barcelona,,,Eixample
1254,Bella Ciao,Other,,,https://www.google.com/maps/search/?api=1&query=Bella+Ciao++Barcelona,,,Eixample
1255,Chin Chin,Other,,,https://www.google.com/maps/search/?api=1&query=Chin+Chin++Barcelona,,,Eixample
1256,Poca-Solta - Rambla Catalunya,Other,,,https://www.google.com/maps/search/?api=1&query=Poca-Solta+-+Rambla+Catalunya++Barcelona,Rambla+Catalunya++Barcelona&amp;pb=%211sPoca-Solta+-+Rambla+Catalunya++Barcelona,,Eixample
1257,Restaurante Expat - Tapas & Cocktails,Spanish,,,https://www.google.com/maps/search/?api=1&query=Restaurante+Expat+-+Tapas+%26+Cocktails++Barcelona,,,Eixample
1258,Tapas Avinyó,Spanish,,,https://www.google.com/maps/search/?api=1&query=Tapas+Aviny%C3%B3++Barcelona,,,Barri Gòtic
1259,M2 Gluten Free,Other,,,https://www.google.com/maps/search/?api=1&query=M2+Gluten+Free++Barcelona,,,Eixample
1260,Ca La Sussan,Other,,,https://www.google.com/maps/search/?api=1&query=Ca+La+Sussan++Barcelona,,,Eixample
1261,Glaciar,Other,,,https://www.google.com/maps/search/?api=1&query=Glaciar++Barcelona,,,Eixample
1262,Voramar,Other,,,https://www.google.com/maps/search/?api=1&query=Voramar++Barcelona,,,Eixample
1263,Roma Reial Restaurante,Other,,,https://www.google.com/maps/search/?api=1&query=Roma+Reial+Restaurante++Barcelona,,,Eixample
1264,Gaudeix,Other,,,https://www.google.com/maps/search/?api=1&query=Gaudeix++Barcelona,,,Eixample
1265,Vicino,Other,,,https://www.google.com/maps/search/?api=1&query=Vicino++Barcelona,,,Eixample
1266,Halal Marrakech,Middle Eastern,,,https://www.google.com/maps/search/?api=1&query=Halal+Marrakech++Barcelona,,,Eixample
1267,El rincon de las tapas,Spanish,,,https://www.google.com/maps/search/?api=1&query=El+rincon+de+las+tapas++Barcelona,,,Eixample
1268,El Jardinet de Gràcia,Other,,,https://www.google.com/maps/search/?api=1&query=El+Jardinet+de+Gr%C3%A0cia++Barcelona,,,Gràcia
1269,Monarq Barceloneta,Other,,,https://www.google.com/maps/search/?api=1&query=Monarq+Barceloneta++Barcelona,,,Barceloneta
1270,Guell Away,Other,,,https://www.google.com/maps/search/?api=1&query=Guell+Away++Barcelona,,,Eixample
1271,Tapas Olot,Spanish,,,https://www.google.com/maps/search/?api=1&query=Tapas+Olot++Barcelona,,,Eixample
1272,Verne,Other,,,https://www.google.com/maps/search/?api=1&query=Verne++Barcelona,,,Eixample
1273,Mercedes Restaurant Tapas-Bar,Spanish,,,https://www.google.com/maps/search/?api=1&query=Mercedes+Restaurant+Tapas-Bar++Barcelona,,,Eixample
1274,Gran Ruca,Other,,,https://www.google.com/maps/search/?api=1&query=Gran+Ruca++Barcelona,,,Eixample
1275,Vi Negre,Other,,,https://www.google.com/maps/search/?api=1&query=Vi+Negre++Barcelona,,,Eixample
1276,El racó de Princesa,Other,,,https://www.google.com/maps/search/?api=1&query=El+rac%C3%B3+de+Princesa++Barcelona,,,El Born
1277,Metric Market,Other,,,https://www.google.com/maps/search/?api=1&query=Metric+Market++Barcelona,,,Eixample
1278,Velabcn Restaurante & Lounge Bar,Other,,,https://www.google.com/maps/search/?api=1&query=Velabcn+Restaurante+%26+Lounge+Bar++Barcelona,,,Eixample
1279,La terraza de Anna by Vida Mona,Other,,,https://www.google.com/maps/search/?api=1&query=La+terraza+de+Anna+by+Vida+Mona++Barcelona,,,Eixample
1280,Curry & co,Indian,,,https://www.google.com/maps/search/?api=1&query=Curry+%26+co++Barcelona,,,Eixample
1281,Brunch Out Barcelona,Café,,,https://www.google.com/maps/search/?api=1&query=Brunch+Out+Barcelona++Barcelona,,,Eixample
1282,Tik Tako,Other,,,https://www.google.com/maps/search/?api=1&query=Tik+Tako++Barcelona,,,Eixample
1283,Taperia Sagrada Familia,Other,,,https://www.google.com/maps/search/?api=1&query=Taperia+Sagrada+Familia++Barcelona,,,Sagrada Família
1284,Perlazul,Other,,,https://www.google.com/maps/search/?api=1&query=Perlazul++Barcelona,,,Eixample
1285,B port,Mediterranean,,,https://www.google.com/maps/search/?api=1&query=B+port++Barcelona,,,Eixample
1286,Avinyó 10,Other,,,https://www.google.com/maps/search/?api=1&query=Aviny%C3%B3+10++Barcelona,,,Barri Gòtic
1287,Quixote,Other,,,https://www.google.com/maps/search/?api=1&query=Quixote++Barcelona,,,Eixample
1288,Arábica,Other,,,https://www.google.com/maps/search/?api=1&query=Ar%C3%A1bica++Barcelona,,,Eixample
1289,Nami,Other,,,https://www.google.com/maps/search/?api=1&query=Nami++Barcelona,,,Eixample
1290,La Capricciosa,Other,,,https://www.google.com/maps/search/?api=1&query=La+Capricciosa++Barcelona,,,Eixample
1291,Restaurante O'Pardal Cafe y Braseria,Café,,,https://www.google.com/maps/search/?api=1&query=Restaurante+O%27Pardal+Cafe+y+Braseria++Barcelona,,,Eixample
1292,El Roble - Sant Gervasi,Other,,,https://www.google.com/maps/search/?api=1&query=El+Roble+-+Sant+Gervasi++Barcelona,,,Sarrià-Sant Gervasi
1293,Victor'sBcn Restaurnet,Other,,,https://www.google.com/maps/search/?api=1&query=Victor%27sBcn+Restaurnet++Barcelona,,,Eixample
1294,Leonés,Other,,,https://www.google.com/maps/search/?api=1&query=Leon%C3%A9s++Barcelona,,,Eixample
1295,Sudoki Sushi & Fusion,Japanese,,,https://www.google.com/maps/search/?api=1&query=Sudoki+Sushi+%26+Fusion++Barcelona,,,Eixample
1296,Dune Tapería,Other,,,https://www.google.com/maps/search/?api=1&query=Dune+Taper%C3%ADa++Barcelona,,,Eixample
1297,Mosty,Other,,,https://www.google.com/maps/search/?api=1&query=Mosty++Barcelona,,,Eixample
1298,Fenix brunch burger,Café,,,https://www.google.com/maps/search/?api=1&query=Fenix+brunch+burger++Barcelona,,,Eixample
1299,Villa Caprice,Other,,,https://www.google.com/maps/search/?api=1&query=Villa+Caprice++Barcelona,,,Eixample
1300,LA CEPA,Other,,,https://www.google.com/maps/search/?api=1&query=LA+CEPA++Barcelona,,,Eixample
1301,El Pintxo de Petritxol,Other,,,https://www.google.com/maps/search/?api=1&query=El+Pintxo+de+Petritxol++Barcelona,,,Barri Gòtic
1302,VÍA 646,Other,,,https://www.google.com/maps/search/?api=1&query=V%C3%8DA+646++Barcelona,,,Eixample
